ID,Year,113 Cause Name,Cause Name,State,Deaths,Age-adjusted Death Rate
7000,2016,"Nephritis, nephrotic syndrome and nephrosis (N00-N07,N17-N19,N25-N27)",Kidney disease,Michigan,1791,14.3
7001,2015,"Nephritis, nephrotic syndrome and nephrosis (N00-N07,N17-N19,N25-N27)",Kidney disease,Michigan,1921,15.6
7002,2014,"Nephritis, nephrotic syndrome and nephrosis (N00-N07,N17-N19,N25-N27)",Kidney disease,Michigan,1853,15.2
7003,2013,"Nephritis, nephrotic syndrome and nephrosis (N00-N07,N17-N19,N25-N27)",Kidney disease,Michigan,1660,13.9
7004,2012,"Nephritis, nephrotic syndrome and nephrosis (N00-N07,N17-N19,N25-N27)",Kidney disease,Michigan,1586,13.5
7005,2011,"Nephritis, nephrotic syndrome and nephrosis (N00-N07,N17-N19,N25-N27)",Kidney disease,Michigan,1642,14.3
7006,2010,"Nephritis, nephrotic syndrome and nephrosis (N00-N07,N17-N19,N25-N27)",Kidney disease,Michigan,1720,15.3
7007,2009,"Nephritis, nephrotic syndrome and nephrosis (N00-N07,N17-N19,N25-N27)",Kidney disease,Michigan,1650,14.9
7008,2008,"Nephritis, nephrotic syndrome and nephrosis (N00-N07,N17-N19,N25-N27)",Kidney disease,Michigan,1663,15.2
7009,2007,"Nephritis, nephrotic syndrome and nephrosis (N00-N07,N17-N19,N25-N27)",Kidney disease,Michigan,1610,15
7010,2006,"Nephritis, nephrotic syndrome and nephrosis (N00-N07,N17-N19,N25-N27)",Kidney disease,Michigan,1673,15.9
7011,2005,"Nephritis, nephrotic syndrome and nephrosis (N00-N07,N17-N19,N25-N27)",Kidney disease,Michigan,1681,16.2
7012,2004,"Nephritis, nephrotic syndrome and nephrosis (N00-N07,N17-N19,N25-N27)",Kidney disease,Michigan,1507,14.8
7013,2003,"Nephritis, nephrotic syndrome and nephrosis (N00-N07,N17-N19,N25-N27)",Kidney disease,Michigan,1665,16.6
7014,2002,"Nephritis, nephrotic syndrome and nephrosis (N00-N07,N17-N19,N25-N27)",Kidney disease,Michigan,1618,16.4
7015,2001,"Nephritis, nephrotic syndrome and nephrosis (N00-N07,N17-N19,N25-N27)",Kidney disease,Michigan,1533,15.8
7016,2000,"Nephritis, nephrotic syndrome and nephrosis (N00-N07,N17-N19,N25-N27)",Kidney disease,Michigan,1433,15
7017,1999,"Nephritis, nephrotic syndrome and nephrosis (N00-N07,N17-N19,N25-N27)",Kidney disease,Michigan,1417,15
7018,2016,"Nephritis, nephrotic syndrome and nephrosis (N00-N07,N17-N19,N25-N27)",Kidney disease,Minnesota,588,8.8
7019,2015,"Nephritis, nephrotic syndrome and nephrosis (N00-N07,N17-N19,N25-N27)",Kidney disease,Minnesota,639,9.7
7020,2014,"Nephritis, nephrotic syndrome and nephrosis (N00-N07,N17-N19,N25-N27)",Kidney disease,Minnesota,676,10.4
7021,2013,"Nephritis, nephrotic syndrome and nephrosis (N00-N07,N17-N19,N25-N27)",Kidney disease,Minnesota,653,10.2
7022,2012,"Nephritis, nephrotic syndrome and nephrosis (N00-N07,N17-N19,N25-N27)",Kidney disease,Minnesota,669,10.8
7023,2011,"Nephritis, nephrotic syndrome and nephrosis (N00-N07,N17-N19,N25-N27)",Kidney disease,Minnesota,696,11.4
7024,2010,"Nephritis, nephrotic syndrome and nephrosis (N00-N07,N17-N19,N25-N27)",Kidney disease,Minnesota,897,15
7025,2009,"Nephritis, nephrotic syndrome and nephrosis (N00-N07,N17-N19,N25-N27)",Kidney disease,Minnesota,807,13.7
7026,2008,"Nephritis, nephrotic syndrome and nephrosis (N00-N07,N17-N19,N25-N27)",Kidney disease,Minnesota,813,14.1
7027,2007,"Nephritis, nephrotic syndrome and nephrosis (N00-N07,N17-N19,N25-N27)",Kidney disease,Minnesota,780,13.8
7028,2006,"Nephritis, nephrotic syndrome and nephrosis (N00-N07,N17-N19,N25-N27)",Kidney disease,Minnesota,711,12.9
7029,2005,"Nephritis, nephrotic syndrome and nephrosis (N00-N07,N17-N19,N25-N27)",Kidney disease,Minnesota,669,12.3
7030,2004,"Nephritis, nephrotic syndrome and nephrosis (N00-N07,N17-N19,N25-N27)",Kidney disease,Minnesota,669,12.5
7031,2003,"Nephritis, nephrotic syndrome and nephrosis (N00-N07,N17-N19,N25-N27)",Kidney disease,Minnesota,654,12.3
7032,2002,"Nephritis, nephrotic syndrome and nephrosis (N00-N07,N17-N19,N25-N27)",Kidney disease,Minnesota,649,12.6
7033,2001,"Nephritis, nephrotic syndrome and nephrosis (N00-N07,N17-N19,N25-N27)",Kidney disease,Minnesota,729,14.3
7034,2000,"Nephritis, nephrotic syndrome and nephrosis (N00-N07,N17-N19,N25-N27)",Kidney disease,Minnesota,661,13.2
7035,1999,"Nephritis, nephrotic syndrome and nephrosis (N00-N07,N17-N19,N25-N27)",Kidney disease,Minnesota,605,12.1
7036,2016,"Nephritis, nephrotic syndrome and nephrosis (N00-N07,N17-N19,N25-N27)",Kidney disease,Mississippi,763,22.8
7037,2015,"Nephritis, nephrotic syndrome and nephrosis (N00-N07,N17-N19,N25-N27)",Kidney disease,Mississippi,731,22
7038,2014,"Nephritis, nephrotic syndrome and nephrosis (N00-N07,N17-N19,N25-N27)",Kidney disease,Mississippi,701,21.3
7039,2013,"Nephritis, nephrotic syndrome and nephrosis (N00-N07,N17-N19,N25-N27)",Kidney disease,Mississippi,731,22.8
7040,2012,"Nephritis, nephrotic syndrome and nephrosis (N00-N07,N17-N19,N25-N27)",Kidney disease,Mississippi,692,22.2
7041,2011,"Nephritis, nephrotic syndrome and nephrosis (N00-N07,N17-N19,N25-N27)",Kidney disease,Mississippi,664,21.7
7042,2010,"Nephritis, nephrotic syndrome and nephrosis (N00-N07,N17-N19,N25-N27)",Kidney disease,Mississippi,738,24.7
7043,2009,"Nephritis, nephrotic syndrome and nephrosis (N00-N07,N17-N19,N25-N27)",Kidney disease,Mississippi,700,23.7
7044,2008,"Nephritis, nephrotic syndrome and nephrosis (N00-N07,N17-N19,N25-N27)",Kidney disease,Mississippi,723,24.6
7045,2007,"Nephritis, nephrotic syndrome and nephrosis (N00-N07,N17-N19,N25-N27)",Kidney disease,Mississippi,697,24.3
7046,2006,"Nephritis, nephrotic syndrome and nephrosis (N00-N07,N17-N19,N25-N27)",Kidney disease,Mississippi,673,23.7
7047,2005,"Nephritis, nephrotic syndrome and nephrosis (N00-N07,N17-N19,N25-N27)",Kidney disease,Mississippi,667,23.7
7048,2004,"Nephritis, nephrotic syndrome and nephrosis (N00-N07,N17-N19,N25-N27)",Kidney disease,Mississippi,662,23.9
7049,2003,"Nephritis, nephrotic syndrome and nephrosis (N00-N07,N17-N19,N25-N27)",Kidney disease,Mississippi,676,24.8
7050,2002,"Nephritis, nephrotic syndrome and nephrosis (N00-N07,N17-N19,N25-N27)",Kidney disease,Mississippi,580,21.2
7051,2001,"Nephritis, nephrotic syndrome and nephrosis (N00-N07,N17-N19,N25-N27)",Kidney disease,Mississippi,602,22.2
7052,2000,"Nephritis, nephrotic syndrome and nephrosis (N00-N07,N17-N19,N25-N27)",Kidney disease,Mississippi,612,22.6
7053,1999,"Nephritis, nephrotic syndrome and nephrosis (N00-N07,N17-N19,N25-N27)",Kidney disease,Mississippi,623,23.2
7054,2016,"Nephritis, nephrotic syndrome and nephrosis (N00-N07,N17-N19,N25-N27)",Kidney disease,Missouri,1483,19.6
7055,2015,"Nephritis, nephrotic syndrome and nephrosis (N00-N07,N17-N19,N25-N27)",Kidney disease,Missouri,1483,19.9
7056,2014,"Nephritis, nephrotic syndrome and nephrosis (N00-N07,N17-N19,N25-N27)",Kidney disease,Missouri,1452,19.6
7057,2013,"Nephritis, nephrotic syndrome and nephrosis (N00-N07,N17-N19,N25-N27)",Kidney disease,Missouri,1305,18
7058,2012,"Nephritis, nephrotic syndrome and nephrosis (N00-N07,N17-N19,N25-N27)",Kidney disease,Missouri,1259,17.8
7059,2011,"Nephritis, nephrotic syndrome and nephrosis (N00-N07,N17-N19,N25-N27)",Kidney disease,Missouri,1245,17.9
7060,2010,"Nephritis, nephrotic syndrome and nephrosis (N00-N07,N17-N19,N25-N27)",Kidney disease,Missouri,1305,19.2
7061,2009,"Nephritis, nephrotic syndrome and nephrosis (N00-N07,N17-N19,N25-N27)",Kidney disease,Missouri,1223,18.3
7062,2008,"Nephritis, nephrotic syndrome and nephrosis (N00-N07,N17-N19,N25-N27)",Kidney disease,Missouri,1274,19.1
7063,2007,"Nephritis, nephrotic syndrome and nephrosis (N00-N07,N17-N19,N25-N27)",Kidney disease,Missouri,1184,18.2
7064,2006,"Nephritis, nephrotic syndrome and nephrosis (N00-N07,N17-N19,N25-N27)",Kidney disease,Missouri,1118,17.4
7065,2005,"Nephritis, nephrotic syndrome and nephrosis (N00-N07,N17-N19,N25-N27)",Kidney disease,Missouri,1156,18.4
7066,2004,"Nephritis, nephrotic syndrome and nephrosis (N00-N07,N17-N19,N25-N27)",Kidney disease,Missouri,1083,17.4
7067,2003,"Nephritis, nephrotic syndrome and nephrosis (N00-N07,N17-N19,N25-N27)",Kidney disease,Missouri,1099,17.8
7068,2002,"Nephritis, nephrotic syndrome and nephrosis (N00-N07,N17-N19,N25-N27)",Kidney disease,Missouri,1076,17.6
7069,2001,"Nephritis, nephrotic syndrome and nephrosis (N00-N07,N17-N19,N25-N27)",Kidney disease,Missouri,991,16.3
7070,2000,"Nephritis, nephrotic syndrome and nephrosis (N00-N07,N17-N19,N25-N27)",Kidney disease,Missouri,907,15
7071,1999,"Nephritis, nephrotic syndrome and nephrosis (N00-N07,N17-N19,N25-N27)",Kidney disease,Missouri,907,15.1
7072,2016,"Nephritis, nephrotic syndrome and nephrosis (N00-N07,N17-N19,N25-N27)",Kidney disease,Montana,155,11.3
7073,2015,"Nephritis, nephrotic syndrome and nephrosis (N00-N07,N17-N19,N25-N27)",Kidney disease,Montana,121,9.3
7074,2014,"Nephritis, nephrotic syndrome and nephrosis (N00-N07,N17-N19,N25-N27)",Kidney disease,Montana,125,9.7
7075,2013,"Nephritis, nephrotic syndrome and nephrosis (N00-N07,N17-N19,N25-N27)",Kidney disease,Montana,130,10.3
7076,2012,"Nephritis, nephrotic syndrome and nephrosis (N00-N07,N17-N19,N25-N27)",Kidney disease,Montana,100,8
7077,2011,"Nephritis, nephrotic syndrome and nephrosis (N00-N07,N17-N19,N25-N27)",Kidney disease,Montana,104,8.8
7078,2010,"Nephritis, nephrotic syndrome and nephrosis (N00-N07,N17-N19,N25-N27)",Kidney disease,Montana,133,11.3
7079,2009,"Nephritis, nephrotic syndrome and nephrosis (N00-N07,N17-N19,N25-N27)",Kidney disease,Montana,129,11.3
7080,2008,"Nephritis, nephrotic syndrome and nephrosis (N00-N07,N17-N19,N25-N27)",Kidney disease,Montana,151,13.1
7081,2007,"Nephritis, nephrotic syndrome and nephrosis (N00-N07,N17-N19,N25-N27)",Kidney disease,Montana,110,9.8
7082,2006,"Nephritis, nephrotic syndrome and nephrosis (N00-N07,N17-N19,N25-N27)",Kidney disease,Montana,132,12
7083,2005,"Nephritis, nephrotic syndrome and nephrosis (N00-N07,N17-N19,N25-N27)",Kidney disease,Montana,109,10.3
7084,2004,"Nephritis, nephrotic syndrome and nephrosis (N00-N07,N17-N19,N25-N27)",Kidney disease,Montana,108,10.3
7085,2003,"Nephritis, nephrotic syndrome and nephrosis (N00-N07,N17-N19,N25-N27)",Kidney disease,Montana,101,9.9
7086,2002,"Nephritis, nephrotic syndrome and nephrosis (N00-N07,N17-N19,N25-N27)",Kidney disease,Montana,105,10.5
7087,2001,"Nephritis, nephrotic syndrome and nephrosis (N00-N07,N17-N19,N25-N27)",Kidney disease,Montana,128,12.9
7088,2000,"Nephritis, nephrotic syndrome and nephrosis (N00-N07,N17-N19,N25-N27)",Kidney disease,Montana,116,12
7089,1999,"Nephritis, nephrotic syndrome and nephrosis (N00-N07,N17-N19,N25-N27)",Kidney disease,Montana,92,9.6
7090,2016,"Nephritis, nephrotic syndrome and nephrosis (N00-N07,N17-N19,N25-N27)",Kidney disease,Nebraska,220,9.5
7091,2015,"Nephritis, nephrotic syndrome and nephrosis (N00-N07,N17-N19,N25-N27)",Kidney disease,Nebraska,264,11.2
7092,2014,"Nephritis, nephrotic syndrome and nephrosis (N00-N07,N17-N19,N25-N27)",Kidney disease,Nebraska,265,11.5
7093,2013,"Nephritis, nephrotic syndrome and nephrosis (N00-N07,N17-N19,N25-N27)",Kidney disease,Nebraska,222,10
7094,2012,"Nephritis, nephrotic syndrome and nephrosis (N00-N07,N17-N19,N25-N27)",Kidney disease,Nebraska,217,9.8
7095,2011,"Nephritis, nephrotic syndrome and nephrosis (N00-N07,N17-N19,N25-N27)",Kidney disease,Nebraska,214,9.7
7096,2010,"Nephritis, nephrotic syndrome and nephrosis (N00-N07,N17-N19,N25-N27)",Kidney disease,Nebraska,290,13.4
7097,2009,"Nephritis, nephrotic syndrome and nephrosis (N00-N07,N17-N19,N25-N27)",Kidney disease,Nebraska,258,12.1
7098,2008,"Nephritis, nephrotic syndrome and nephrosis (N00-N07,N17-N19,N25-N27)",Kidney disease,Nebraska,270,12.8
7099,2007,"Nephritis, nephrotic syndrome and nephrosis (N00-N07,N17-N19,N25-N27)",Kidney disease,Nebraska,269,12.8
7100,2006,"Nephritis, nephrotic syndrome and nephrosis (N00-N07,N17-N19,N25-N27)",Kidney disease,Nebraska,249,12.3
7101,2005,"Nephritis, nephrotic syndrome and nephrosis (N00-N07,N17-N19,N25-N27)",Kidney disease,Nebraska,245,12.3
7102,2004,"Nephritis, nephrotic syndrome and nephrosis (N00-N07,N17-N19,N25-N27)",Kidney disease,Nebraska,283,14.5
7103,2003,"Nephritis, nephrotic syndrome and nephrosis (N00-N07,N17-N19,N25-N27)",Kidney disease,Nebraska,302,15.3
7104,2002,"Nephritis, nephrotic syndrome and nephrosis (N00-N07,N17-N19,N25-N27)",Kidney disease,Nebraska,277,14.2
7105,2001,"Nephritis, nephrotic syndrome and nephrosis (N00-N07,N17-N19,N25-N27)",Kidney disease,Nebraska,289,14.9
7106,2000,"Nephritis, nephrotic syndrome and nephrosis (N00-N07,N17-N19,N25-N27)",Kidney disease,Nebraska,254,13.3
7107,1999,"Nephritis, nephrotic syndrome and nephrosis (N00-N07,N17-N19,N25-N27)",Kidney disease,Nebraska,232,12.1
7108,2016,"Nephritis, nephrotic syndrome and nephrosis (N00-N07,N17-N19,N25-N27)",Kidney disease,Nevada,274,8.8
7109,2015,"Nephritis, nephrotic syndrome and nephrosis (N00-N07,N17-N19,N25-N27)",Kidney disease,Nevada,316,10.5
7110,2014,"Nephritis, nephrotic syndrome and nephrosis (N00-N07,N17-N19,N25-N27)",Kidney disease,Nevada,365,12.8
7111,2013,"Nephritis, nephrotic syndrome and nephrosis (N00-N07,N17-N19,N25-N27)",Kidney disease,Nevada,370,13.3
7112,2012,"Nephritis, nephrotic syndrome and nephrosis (N00-N07,N17-N19,N25-N27)",Kidney disease,Nevada,385,14.4
7113,2011,"Nephritis, nephrotic syndrome and nephrosis (N00-N07,N17-N19,N25-N27)",Kidney disease,Nevada,412,16.6
7114,2010,"Nephritis, nephrotic syndrome and nephrosis (N00-N07,N17-N19,N25-N27)",Kidney disease,Nevada,471,19.5
7115,2009,"Nephritis, nephrotic syndrome and nephrosis (N00-N07,N17-N19,N25-N27)",Kidney disease,Nevada,446,19
7116,2008,"Nephritis, nephrotic syndrome and nephrosis (N00-N07,N17-N19,N25-N27)",Kidney disease,Nevada,456,20
7117,2007,"Nephritis, nephrotic syndrome and nephrosis (N00-N07,N17-N19,N25-N27)",Kidney disease,Nevada,461,21.3
7118,2006,"Nephritis, nephrotic syndrome and nephrosis (N00-N07,N17-N19,N25-N27)",Kidney disease,Nevada,475,22.7
7119,2005,"Nephritis, nephrotic syndrome and nephrosis (N00-N07,N17-N19,N25-N27)",Kidney disease,Nevada,438,22
7120,2004,"Nephritis, nephrotic syndrome and nephrosis (N00-N07,N17-N19,N25-N27)",Kidney disease,Nevada,425,21.8
7121,2003,"Nephritis, nephrotic syndrome and nephrosis (N00-N07,N17-N19,N25-N27)",Kidney disease,Nevada,439,23.6
7122,2002,"Nephritis, nephrotic syndrome and nephrosis (N00-N07,N17-N19,N25-N27)",Kidney disease,Nevada,372,20.7
7123,2001,"Nephritis, nephrotic syndrome and nephrosis (N00-N07,N17-N19,N25-N27)",Kidney disease,Nevada,376,21.6
7124,2000,"Nephritis, nephrotic syndrome and nephrosis (N00-N07,N17-N19,N25-N27)",Kidney disease,Nevada,329,21
7125,1999,"Nephritis, nephrotic syndrome and nephrosis (N00-N07,N17-N19,N25-N27)",Kidney disease,Nevada,298,19.2
7126,2016,"Nephritis, nephrotic syndrome and nephrosis (N00-N07,N17-N19,N25-N27)",Kidney disease,New Hampshire,161,9.4
7127,2015,"Nephritis, nephrotic syndrome and nephrosis (N00-N07,N17-N19,N25-N27)",Kidney disease,New Hampshire,194,11.4
7128,2014,"Nephritis, nephrotic syndrome and nephrosis (N00-N07,N17-N19,N25-N27)",Kidney disease,New Hampshire,167,10.2
7129,2013,"Nephritis, nephrotic syndrome and nephrosis (N00-N07,N17-N19,N25-N27)",Kidney disease,New Hampshire,175,11
7130,2012,"Nephritis, nephrotic syndrome and nephrosis (N00-N07,N17-N19,N25-N27)",Kidney disease,New Hampshire,161,10.2
7131,2011,"Nephritis, nephrotic syndrome and nephrosis (N00-N07,N17-N19,N25-N27)",Kidney disease,New Hampshire,172,11.3
7132,2010,"Nephritis, nephrotic syndrome and nephrosis (N00-N07,N17-N19,N25-N27)",Kidney disease,New Hampshire,206,14.2
7133,2009,"Nephritis, nephrotic syndrome and nephrosis (N00-N07,N17-N19,N25-N27)",Kidney disease,New Hampshire,165,11.4
7134,2008,"Nephritis, nephrotic syndrome and nephrosis (N00-N07,N17-N19,N25-N27)",Kidney disease,New Hampshire,174,12.4
7135,2007,"Nephritis, nephrotic syndrome and nephrosis (N00-N07,N17-N19,N25-N27)",Kidney disease,New Hampshire,149,10.8
7136,2006,"Nephritis, nephrotic syndrome and nephrosis (N00-N07,N17-N19,N25-N27)",Kidney disease,New Hampshire,160,11.8
7137,2005,"Nephritis, nephrotic syndrome and nephrosis (N00-N07,N17-N19,N25-N27)",Kidney disease,New Hampshire,173,13.1
7138,2004,"Nephritis, nephrotic syndrome and nephrosis (N00-N07,N17-N19,N25-N27)",Kidney disease,New Hampshire,163,12.8
7139,2003,"Nephritis, nephrotic syndrome and nephrosis (N00-N07,N17-N19,N25-N27)",Kidney disease,New Hampshire,150,12
7140,2002,"Nephritis, nephrotic syndrome and nephrosis (N00-N07,N17-N19,N25-N27)",Kidney disease,New Hampshire,141,11.6
7141,2001,"Nephritis, nephrotic syndrome and nephrosis (N00-N07,N17-N19,N25-N27)",Kidney disease,New Hampshire,136,11.4
7142,2000,"Nephritis, nephrotic syndrome and nephrosis (N00-N07,N17-N19,N25-N27)",Kidney disease,New Hampshire,106,9
7143,1999,"Nephritis, nephrotic syndrome and nephrosis (N00-N07,N17-N19,N25-N27)",Kidney disease,New Hampshire,93,8
7144,2016,"Nephritis, nephrotic syndrome and nephrosis (N00-N07,N17-N19,N25-N27)",Kidney disease,New Jersey,1535,13.8
7145,2015,"Nephritis, nephrotic syndrome and nephrosis (N00-N07,N17-N19,N25-N27)",Kidney disease,New Jersey,1582,14.4
7146,2014,"Nephritis, nephrotic syndrome and nephrosis (N00-N07,N17-N19,N25-N27)",Kidney disease,New Jersey,1502,13.8
7147,2013,"Nephritis, nephrotic syndrome and nephrosis (N00-N07,N17-N19,N25-N27)",Kidney disease,New Jersey,1400,13.2
7148,2012,"Nephritis, nephrotic syndrome and nephrosis (N00-N07,N17-N19,N25-N27)",Kidney disease,New Jersey,1431,13.6
7149,2011,"Nephritis, nephrotic syndrome and nephrosis (N00-N07,N17-N19,N25-N27)",Kidney disease,New Jersey,1490,14.5
7150,2010,"Nephritis, nephrotic syndrome and nephrosis (N00-N07,N17-N19,N25-N27)",Kidney disease,New Jersey,1580,15.6
7151,2009,"Nephritis, nephrotic syndrome and nephrosis (N00-N07,N17-N19,N25-N27)",Kidney disease,New Jersey,1709,17.2
7152,2008,"Nephritis, nephrotic syndrome and nephrosis (N00-N07,N17-N19,N25-N27)",Kidney disease,New Jersey,1715,17.5
7153,2007,"Nephritis, nephrotic syndrome and nephrosis (N00-N07,N17-N19,N25-N27)",Kidney disease,New Jersey,1690,17.5
7154,2006,"Nephritis, nephrotic syndrome and nephrosis (N00-N07,N17-N19,N25-N27)",Kidney disease,New Jersey,1645,17.3
7155,2005,"Nephritis, nephrotic syndrome and nephrosis (N00-N07,N17-N19,N25-N27)",Kidney disease,New Jersey,1597,17.1
7156,2004,"Nephritis, nephrotic syndrome and nephrosis (N00-N07,N17-N19,N25-N27)",Kidney disease,New Jersey,1624,17.6
7157,2003,"Nephritis, nephrotic syndrome and nephrosis (N00-N07,N17-N19,N25-N27)",Kidney disease,New Jersey,1696,18.5
7158,2002,"Nephritis, nephrotic syndrome and nephrosis (N00-N07,N17-N19,N25-N27)",Kidney disease,New Jersey,1662,18.4
7159,2001,"Nephritis, nephrotic syndrome and nephrosis (N00-N07,N17-N19,N25-N27)",Kidney disease,New Jersey,1495,16.8
7160,2000,"Nephritis, nephrotic syndrome and nephrosis (N00-N07,N17-N19,N25-N27)",Kidney disease,New Jersey,1495,17
7161,1999,"Nephritis, nephrotic syndrome and nephrosis (N00-N07,N17-N19,N25-N27)",Kidney disease,New Jersey,1380,15.9
7162,2016,"Nephritis, nephrotic syndrome and nephrosis (N00-N07,N17-N19,N25-N27)",Kidney disease,New Mexico,293,11.7
7163,2015,"Nephritis, nephrotic syndrome and nephrosis (N00-N07,N17-N19,N25-N27)",Kidney disease,New Mexico,316,12.9
7164,2014,"Nephritis, nephrotic syndrome and nephrosis (N00-N07,N17-N19,N25-N27)",Kidney disease,New Mexico,267,11.3
7165,2013,"Nephritis, nephrotic syndrome and nephrosis (N00-N07,N17-N19,N25-N27)",Kidney disease,New Mexico,302,13.2
7166,2012,"Nephritis, nephrotic syndrome and nephrosis (N00-N07,N17-N19,N25-N27)",Kidney disease,New Mexico,285,12.6
7167,2011,"Nephritis, nephrotic syndrome and nephrosis (N00-N07,N17-N19,N25-N27)",Kidney disease,New Mexico,268,12
7168,2010,"Nephritis, nephrotic syndrome and nephrosis (N00-N07,N17-N19,N25-N27)",Kidney disease,New Mexico,276,13.1
7169,2009,"Nephritis, nephrotic syndrome and nephrosis (N00-N07,N17-N19,N25-N27)",Kidney disease,New Mexico,274,13.2
7170,2008,"Nephritis, nephrotic syndrome and nephrosis (N00-N07,N17-N19,N25-N27)",Kidney disease,New Mexico,287,14.1
7171,2007,"Nephritis, nephrotic syndrome and nephrosis (N00-N07,N17-N19,N25-N27)",Kidney disease,New Mexico,252,12.8
7172,2006,"Nephritis, nephrotic syndrome and nephrosis (N00-N07,N17-N19,N25-N27)",Kidney disease,New Mexico,262,13.4
7173,2005,"Nephritis, nephrotic syndrome and nephrosis (N00-N07,N17-N19,N25-N27)",Kidney disease,New Mexico,239,13
7174,2004,"Nephritis, nephrotic syndrome and nephrosis (N00-N07,N17-N19,N25-N27)",Kidney disease,New Mexico,227,12.6
7175,2003,"Nephritis, nephrotic syndrome and nephrosis (N00-N07,N17-N19,N25-N27)",Kidney disease,New Mexico,217,12.3
7176,2002,"Nephritis, nephrotic syndrome and nephrosis (N00-N07,N17-N19,N25-N27)",Kidney disease,New Mexico,220,12.9
7177,2001,"Nephritis, nephrotic syndrome and nephrosis (N00-N07,N17-N19,N25-N27)",Kidney disease,New Mexico,172,10.3
7178,2000,"Nephritis, nephrotic syndrome and nephrosis (N00-N07,N17-N19,N25-N27)",Kidney disease,New Mexico,152,9.3
7179,1999,"Nephritis, nephrotic syndrome and nephrosis (N00-N07,N17-N19,N25-N27)",Kidney disease,New Mexico,162,10.1
7180,2016,"Nephritis, nephrotic syndrome and nephrosis (N00-N07,N17-N19,N25-N27)",Kidney disease,New York,2385,9.8
7181,2015,"Nephritis, nephrotic syndrome and nephrosis (N00-N07,N17-N19,N25-N27)",Kidney disease,New York,2245,9.3
7182,2014,"Nephritis, nephrotic syndrome and nephrosis (N00-N07,N17-N19,N25-N27)",Kidney disease,New York,2207,9.3
7183,2013,"Nephritis, nephrotic syndrome and nephrosis (N00-N07,N17-N19,N25-N27)",Kidney disease,New York,2285,9.7
7184,2012,"Nephritis, nephrotic syndrome and nephrosis (N00-N07,N17-N19,N25-N27)",Kidney disease,New York,2240,9.8
7185,2011,"Nephritis, nephrotic syndrome and nephrosis (N00-N07,N17-N19,N25-N27)",Kidney disease,New York,2197,9.7
7186,2010,"Nephritis, nephrotic syndrome and nephrosis (N00-N07,N17-N19,N25-N27)",Kidney disease,New York,2439,11
7187,2009,"Nephritis, nephrotic syndrome and nephrosis (N00-N07,N17-N19,N25-N27)",Kidney disease,New York,2426,11.1
7188,2008,"Nephritis, nephrotic syndrome and nephrosis (N00-N07,N17-N19,N25-N27)",Kidney disease,New York,2394,11.1
7189,2007,"Nephritis, nephrotic syndrome and nephrosis (N00-N07,N17-N19,N25-N27)",Kidney disease,New York,2387,11.2
7190,2006,"Nephritis, nephrotic syndrome and nephrosis (N00-N07,N17-N19,N25-N27)",Kidney disease,New York,2351,11.2
7191,2005,"Nephritis, nephrotic syndrome and nephrosis (N00-N07,N17-N19,N25-N27)",Kidney disease,New York,2360,11.4
7192,2004,"Nephritis, nephrotic syndrome and nephrosis (N00-N07,N17-N19,N25-N27)",Kidney disease,New York,2383,11.6
7193,2003,"Nephritis, nephrotic syndrome and nephrosis (N00-N07,N17-N19,N25-N27)",Kidney disease,New York,2415,11.9
7194,2002,"Nephritis, nephrotic syndrome and nephrosis (N00-N07,N17-N19,N25-N27)",Kidney disease,New York,2465,12.3
7195,2001,"Nephritis, nephrotic syndrome and nephrosis (N00-N07,N17-N19,N25-N27)",Kidney disease,New York,2421,12.2
7196,2000,"Nephritis, nephrotic syndrome and nephrosis (N00-N07,N17-N19,N25-N27)",Kidney disease,New York,2440,12.5
7197,1999,"Nephritis, nephrotic syndrome and nephrosis (N00-N07,N17-N19,N25-N27)",Kidney disease,New York,2302,12
7198,2016,"Nephritis, nephrotic syndrome and nephrosis (N00-N07,N17-N19,N25-N27)",Kidney disease,North Carolina,2002,17.1
7199,2015,"Nephritis, nephrotic syndrome and nephrosis (N00-N07,N17-N19,N25-N27)",Kidney disease,North Carolina,1821,16
7200,2014,"Nephritis, nephrotic syndrome and nephrosis (N00-N07,N17-N19,N25-N27)",Kidney disease,North Carolina,1791,16.3
7201,2013,"Nephritis, nephrotic syndrome and nephrosis (N00-N07,N17-N19,N25-N27)",Kidney disease,North Carolina,1780,16.6
7202,2012,"Nephritis, nephrotic syndrome and nephrosis (N00-N07,N17-N19,N25-N27)",Kidney disease,North Carolina,1656,15.9
7203,2011,"Nephritis, nephrotic syndrome and nephrosis (N00-N07,N17-N19,N25-N27)",Kidney disease,North Carolina,1705,17
7204,2010,"Nephritis, nephrotic syndrome and nephrosis (N00-N07,N17-N19,N25-N27)",Kidney disease,North Carolina,1892,19.5
7205,2009,"Nephritis, nephrotic syndrome and nephrosis (N00-N07,N17-N19,N25-N27)",Kidney disease,North Carolina,1828,19.2
7206,2008,"Nephritis, nephrotic syndrome and nephrosis (N00-N07,N17-N19,N25-N27)",Kidney disease,North Carolina,1729,18.7
7207,2007,"Nephritis, nephrotic syndrome and nephrosis (N00-N07,N17-N19,N25-N27)",Kidney disease,North Carolina,1723,19.1
7208,2006,"Nephritis, nephrotic syndrome and nephrosis (N00-N07,N17-N19,N25-N27)",Kidney disease,North Carolina,1661,19.1
7209,2005,"Nephritis, nephrotic syndrome and nephrosis (N00-N07,N17-N19,N25-N27)",Kidney disease,North Carolina,1561,18.6
7210,2004,"Nephritis, nephrotic syndrome and nephrosis (N00-N07,N17-N19,N25-N27)",Kidney disease,North Carolina,1470,18
7211,2003,"Nephritis, nephrotic syndrome and nephrosis (N00-N07,N17-N19,N25-N27)",Kidney disease,North Carolina,1387,17.3
7212,2002,"Nephritis, nephrotic syndrome and nephrosis (N00-N07,N17-N19,N25-N27)",Kidney disease,North Carolina,1437,18.4
7213,2001,"Nephritis, nephrotic syndrome and nephrosis (N00-N07,N17-N19,N25-N27)",Kidney disease,North Carolina,1332,17.4
7214,2000,"Nephritis, nephrotic syndrome and nephrosis (N00-N07,N17-N19,N25-N27)",Kidney disease,North Carolina,1315,17.6
7215,1999,"Nephritis, nephrotic syndrome and nephrosis (N00-N07,N17-N19,N25-N27)",Kidney disease,North Carolina,1138,15.4
7216,2016,"Nephritis, nephrotic syndrome and nephrosis (N00-N07,N17-N19,N25-N27)",Kidney disease,North Dakota,106,11.3
7217,2015,"Nephritis, nephrotic syndrome and nephrosis (N00-N07,N17-N19,N25-N27)",Kidney disease,North Dakota,118,12.5
7218,2014,"Nephritis, nephrotic syndrome and nephrosis (N00-N07,N17-N19,N25-N27)",Kidney disease,North Dakota,104,11
7219,2013,"Nephritis, nephrotic syndrome and nephrosis (N00-N07,N17-N19,N25-N27)",Kidney disease,North Dakota,117,12.9
7220,2012,"Nephritis, nephrotic syndrome and nephrosis (N00-N07,N17-N19,N25-N27)",Kidney disease,North Dakota,117,13.3
7221,2011,"Nephritis, nephrotic syndrome and nephrosis (N00-N07,N17-N19,N25-N27)",Kidney disease,North Dakota,110,12
7222,2010,"Nephritis, nephrotic syndrome and nephrosis (N00-N07,N17-N19,N25-N27)",Kidney disease,North Dakota,104,11.5
7223,2009,"Nephritis, nephrotic syndrome and nephrosis (N00-N07,N17-N19,N25-N27)",Kidney disease,North Dakota,118,13.3
7224,2008,"Nephritis, nephrotic syndrome and nephrosis (N00-N07,N17-N19,N25-N27)",Kidney disease,North Dakota,98,11.8
7225,2007,"Nephritis, nephrotic syndrome and nephrosis (N00-N07,N17-N19,N25-N27)",Kidney disease,North Dakota,56,6.3
7226,2006,"Nephritis, nephrotic syndrome and nephrosis (N00-N07,N17-N19,N25-N27)",Kidney disease,North Dakota,59,6.6
7227,2005,"Nephritis, nephrotic syndrome and nephrosis (N00-N07,N17-N19,N25-N27)",Kidney disease,North Dakota,67,7.9
7228,2004,"Nephritis, nephrotic syndrome and nephrosis (N00-N07,N17-N19,N25-N27)",Kidney disease,North Dakota,55,6.4
7229,2003,"Nephritis, nephrotic syndrome and nephrosis (N00-N07,N17-N19,N25-N27)",Kidney disease,North Dakota,56,6.6
7230,2002,"Nephritis, nephrotic syndrome and nephrosis (N00-N07,N17-N19,N25-N27)",Kidney disease,North Dakota,57,6.9
7231,2001,"Nephritis, nephrotic syndrome and nephrosis (N00-N07,N17-N19,N25-N27)",Kidney disease,North Dakota,50,6.2
7232,2000,"Nephritis, nephrotic syndrome and nephrosis (N00-N07,N17-N19,N25-N27)",Kidney disease,North Dakota,67,8
7233,1999,"Nephritis, nephrotic syndrome and nephrosis (N00-N07,N17-N19,N25-N27)",Kidney disease,North Dakota,85,10.5
7234,2016,"Nephritis, nephrotic syndrome and nephrosis (N00-N07,N17-N19,N25-N27)",Kidney disease,Ohio,2262,15.4
7235,2015,"Nephritis, nephrotic syndrome and nephrosis (N00-N07,N17-N19,N25-N27)",Kidney disease,Ohio,2100,14.5
7236,2014,"Nephritis, nephrotic syndrome and nephrosis (N00-N07,N17-N19,N25-N27)",Kidney disease,Ohio,2002,14.1
7237,2013,"Nephritis, nephrotic syndrome and nephrosis (N00-N07,N17-N19,N25-N27)",Kidney disease,Ohio,1985,14
7238,2012,"Nephritis, nephrotic syndrome and nephrosis (N00-N07,N17-N19,N25-N27)",Kidney disease,Ohio,2056,14.8
7239,2011,"Nephritis, nephrotic syndrome and nephrosis (N00-N07,N17-N19,N25-N27)",Kidney disease,Ohio,1943,14.2
7240,2010,"Nephritis, nephrotic syndrome and nephrosis (N00-N07,N17-N19,N25-N27)",Kidney disease,Ohio,2066,15.4
7241,2009,"Nephritis, nephrotic syndrome and nephrosis (N00-N07,N17-N19,N25-N27)",Kidney disease,Ohio,1909,14.4
7242,2008,"Nephritis, nephrotic syndrome and nephrosis (N00-N07,N17-N19,N25-N27)",Kidney disease,Ohio,1865,14.3
7243,2007,"Nephritis, nephrotic syndrome and nephrosis (N00-N07,N17-N19,N25-N27)",Kidney disease,Ohio,1747,13.5
7244,2006,"Nephritis, nephrotic syndrome and nephrosis (N00-N07,N17-N19,N25-N27)",Kidney disease,Ohio,1758,13.9
7245,2005,"Nephritis, nephrotic syndrome and nephrosis (N00-N07,N17-N19,N25-N27)",Kidney disease,Ohio,1902,15.2
7246,2004,"Nephritis, nephrotic syndrome and nephrosis (N00-N07,N17-N19,N25-N27)",Kidney disease,Ohio,1896,15.4
7247,2003,"Nephritis, nephrotic syndrome and nephrosis (N00-N07,N17-N19,N25-N27)",Kidney disease,Ohio,2093,17.1
7248,2002,"Nephritis, nephrotic syndrome and nephrosis (N00-N07,N17-N19,N25-N27)",Kidney disease,Ohio,2027,16.9
7249,2001,"Nephritis, nephrotic syndrome and nephrosis (N00-N07,N17-N19,N25-N27)",Kidney disease,Ohio,1912,16.1
7250,2000,"Nephritis, nephrotic syndrome and nephrosis (N00-N07,N17-N19,N25-N27)",Kidney disease,Ohio,1829,15.6
7251,1999,"Nephritis, nephrotic syndrome and nephrosis (N00-N07,N17-N19,N25-N27)",Kidney disease,Ohio,1748,15
7252,2016,"Nephritis, nephrotic syndrome and nephrosis (N00-N07,N17-N19,N25-N27)",Kidney disease,Oklahoma,577,12.9
7253,2015,"Nephritis, nephrotic syndrome and nephrosis (N00-N07,N17-N19,N25-N27)",Kidney disease,Oklahoma,616,14.2
7254,2014,"Nephritis, nephrotic syndrome and nephrosis (N00-N07,N17-N19,N25-N27)",Kidney disease,Oklahoma,604,14.2
7255,2013,"Nephritis, nephrotic syndrome and nephrosis (N00-N07,N17-N19,N25-N27)",Kidney disease,Oklahoma,606,14.4
7256,2012,"Nephritis, nephrotic syndrome and nephrosis (N00-N07,N17-N19,N25-N27)",Kidney disease,Oklahoma,554,13.4
7257,2011,"Nephritis, nephrotic syndrome and nephrosis (N00-N07,N17-N19,N25-N27)",Kidney disease,Oklahoma,550,13.4
7258,2010,"Nephritis, nephrotic syndrome and nephrosis (N00-N07,N17-N19,N25-N27)",Kidney disease,Oklahoma,595,15
7259,2009,"Nephritis, nephrotic syndrome and nephrosis (N00-N07,N17-N19,N25-N27)",Kidney disease,Oklahoma,637,16.2
7260,2008,"Nephritis, nephrotic syndrome and nephrosis (N00-N07,N17-N19,N25-N27)",Kidney disease,Oklahoma,664,17.2
7261,2007,"Nephritis, nephrotic syndrome and nephrosis (N00-N07,N17-N19,N25-N27)",Kidney disease,Oklahoma,623,16.4
7262,2006,"Nephritis, nephrotic syndrome and nephrosis (N00-N07,N17-N19,N25-N27)",Kidney disease,Oklahoma,594,15.9
7263,2005,"Nephritis, nephrotic syndrome and nephrosis (N00-N07,N17-N19,N25-N27)",Kidney disease,Oklahoma,564,15.3
7264,2004,"Nephritis, nephrotic syndrome and nephrosis (N00-N07,N17-N19,N25-N27)",Kidney disease,Oklahoma,565,15.5
7265,2003,"Nephritis, nephrotic syndrome and nephrosis (N00-N07,N17-N19,N25-N27)",Kidney disease,Oklahoma,566,15.7
7266,2002,"Nephritis, nephrotic syndrome and nephrosis (N00-N07,N17-N19,N25-N27)",Kidney disease,Oklahoma,500,13.9
7267,2001,"Nephritis, nephrotic syndrome and nephrosis (N00-N07,N17-N19,N25-N27)",Kidney disease,Oklahoma,567,15.8
7268,2000,"Nephritis, nephrotic syndrome and nephrosis (N00-N07,N17-N19,N25-N27)",Kidney disease,Oklahoma,536,15
7269,1999,"Nephritis, nephrotic syndrome and nephrosis (N00-N07,N17-N19,N25-N27)",Kidney disease,Oklahoma,425,11.9
7270,2016,"Nephritis, nephrotic syndrome and nephrosis (N00-N07,N17-N19,N25-N27)",Kidney disease,Oregon,398,7.7
7271,2015,"Nephritis, nephrotic syndrome and nephrosis (N00-N07,N17-N19,N25-N27)",Kidney disease,Oregon,409,8.2
7272,2014,"Nephritis, nephrotic syndrome and nephrosis (N00-N07,N17-N19,N25-N27)",Kidney disease,Oregon,378,7.7
7273,2013,"Nephritis, nephrotic syndrome and nephrosis (N00-N07,N17-N19,N25-N27)",Kidney disease,Oregon,327,6.9
7274,2012,"Nephritis, nephrotic syndrome and nephrosis (N00-N07,N17-N19,N25-N27)",Kidney disease,Oregon,320,6.9
7275,2011,"Nephritis, nephrotic syndrome and nephrosis (N00-N07,N17-N19,N25-N27)",Kidney disease,Oregon,316,6.8
7276,2010,"Nephritis, nephrotic syndrome and nephrosis (N00-N07,N17-N19,N25-N27)",Kidney disease,Oregon,400,8.9
7277,2009,"Nephritis, nephrotic syndrome and nephrosis (N00-N07,N17-N19,N25-N27)",Kidney disease,Oregon,387,8.9
7278,2008,"Nephritis, nephrotic syndrome and nephrosis (N00-N07,N17-N19,N25-N27)",Kidney disease,Oregon,397,9.4
7279,2007,"Nephritis, nephrotic syndrome and nephrosis (N00-N07,N17-N19,N25-N27)",Kidney disease,Oregon,426,10.2
7280,2006,"Nephritis, nephrotic syndrome and nephrosis (N00-N07,N17-N19,N25-N27)",Kidney disease,Oregon,353,8.8
7281,2005,"Nephritis, nephrotic syndrome and nephrosis (N00-N07,N17-N19,N25-N27)",Kidney disease,Oregon,295,7.4
7282,2004,"Nephritis, nephrotic syndrome and nephrosis (N00-N07,N17-N19,N25-N27)",Kidney disease,Oregon,308,8
7283,2003,"Nephritis, nephrotic syndrome and nephrosis (N00-N07,N17-N19,N25-N27)",Kidney disease,Oregon,306,8.1
7284,2002,"Nephritis, nephrotic syndrome and nephrosis (N00-N07,N17-N19,N25-N27)",Kidney disease,Oregon,266,7.2
7285,2001,"Nephritis, nephrotic syndrome and nephrosis (N00-N07,N17-N19,N25-N27)",Kidney disease,Oregon,331,9.1
7286,2000,"Nephritis, nephrotic syndrome and nephrosis (N00-N07,N17-N19,N25-N27)",Kidney disease,Oregon,295,8.2
7287,1999,"Nephritis, nephrotic syndrome and nephrosis (N00-N07,N17-N19,N25-N27)",Kidney disease,Oregon,260,7.3
7288,2016,"Nephritis, nephrotic syndrome and nephrosis (N00-N07,N17-N19,N25-N27)",Kidney disease,Pennsylvania,2813,15.7
7289,2015,"Nephritis, nephrotic syndrome and nephrosis (N00-N07,N17-N19,N25-N27)",Kidney disease,Pennsylvania,3021,16.9
7290,2014,"Nephritis, nephrotic syndrome and nephrosis (N00-N07,N17-N19,N25-N27)",Kidney disease,Pennsylvania,2798,15.7
7291,2013,"Nephritis, nephrotic syndrome and nephrosis (N00-N07,N17-N19,N25-N27)",Kidney disease,Pennsylvania,2767,15.7
7292,2012,"Nephritis, nephrotic syndrome and nephrosis (N00-N07,N17-N19,N25-N27)",Kidney disease,Pennsylvania,2736,15.8
7293,2011,"Nephritis, nephrotic syndrome and nephrosis (N00-N07,N17-N19,N25-N27)",Kidney disease,Pennsylvania,2873,16.8
7294,2010,"Nephritis, nephrotic syndrome and nephrosis (N00-N07,N17-N19,N25-N27)",Kidney disease,Pennsylvania,2982,17.8
7295,2009,"Nephritis, nephrotic syndrome and nephrosis (N00-N07,N17-N19,N25-N27)",Kidney disease,Pennsylvania,3054,18.4
7296,2008,"Nephritis, nephrotic syndrome and nephrosis (N00-N07,N17-N19,N25-N27)",Kidney disease,Pennsylvania,3138,19.2
7297,2007,"Nephritis, nephrotic syndrome and nephrosis (N00-N07,N17-N19,N25-N27)",Kidney disease,Pennsylvania,2965,18.3
7298,2006,"Nephritis, nephrotic syndrome and nephrosis (N00-N07,N17-N19,N25-N27)",Kidney disease,Pennsylvania,3084,19.3
7299,2005,"Nephritis, nephrotic syndrome and nephrosis (N00-N07,N17-N19,N25-N27)",Kidney disease,Pennsylvania,3108,19.8
7300,2004,"Nephritis, nephrotic syndrome and nephrosis (N00-N07,N17-N19,N25-N27)",Kidney disease,Pennsylvania,3067,19.7
7301,2003,"Nephritis, nephrotic syndrome and nephrosis (N00-N07,N17-N19,N25-N27)",Kidney disease,Pennsylvania,3013,19.5
7302,2002,"Nephritis, nephrotic syndrome and nephrosis (N00-N07,N17-N19,N25-N27)",Kidney disease,Pennsylvania,2944,19.3
7303,2001,"Nephritis, nephrotic syndrome and nephrosis (N00-N07,N17-N19,N25-N27)",Kidney disease,Pennsylvania,2838,18.7
7304,2000,"Nephritis, nephrotic syndrome and nephrosis (N00-N07,N17-N19,N25-N27)",Kidney disease,Pennsylvania,2677,17.8
7305,1999,"Nephritis, nephrotic syndrome and nephrosis (N00-N07,N17-N19,N25-N27)",Kidney disease,Pennsylvania,2680,18
7306,2016,"Nephritis, nephrotic syndrome and nephrosis (N00-N07,N17-N19,N25-N27)",Kidney disease,Rhode Island,141,9.9
7307,2015,"Nephritis, nephrotic syndrome and nephrosis (N00-N07,N17-N19,N25-N27)",Kidney disease,Rhode Island,142,9.8
7308,2014,"Nephritis, nephrotic syndrome and nephrosis (N00-N07,N17-N19,N25-N27)",Kidney disease,Rhode Island,135,9.4
7309,2013,"Nephritis, nephrotic syndrome and nephrosis (N00-N07,N17-N19,N25-N27)",Kidney disease,Rhode Island,149,10.4
7310,2012,"Nephritis, nephrotic syndrome and nephrosis (N00-N07,N17-N19,N25-N27)",Kidney disease,Rhode Island,135,9.7
7311,2011,"Nephritis, nephrotic syndrome and nephrosis (N00-N07,N17-N19,N25-N27)",Kidney disease,Rhode Island,174,12.4
7312,2010,"Nephritis, nephrotic syndrome and nephrosis (N00-N07,N17-N19,N25-N27)",Kidney disease,Rhode Island,199,14.5
7313,2009,"Nephritis, nephrotic syndrome and nephrosis (N00-N07,N17-N19,N25-N27)",Kidney disease,Rhode Island,190,13.7
7314,2008,"Nephritis, nephrotic syndrome and nephrosis (N00-N07,N17-N19,N25-N27)",Kidney disease,Rhode Island,163,12
7315,2010,Cerebrovascular diseases (I60-I69),Stroke,Alaska,167,40.9
7316,2007,"Nephritis, nephrotic syndrome and nephrosis (N00-N07,N17-N19,N25-N27)",Kidney disease,Rhode Island,167,12.6
7317,2006,"Nephritis, nephrotic syndrome and nephrosis (N00-N07,N17-N19,N25-N27)",Kidney disease,Rhode Island,167,12.9
7318,2005,"Nephritis, nephrotic syndrome and nephrosis (N00-N07,N17-N19,N25-N27)",Kidney disease,Rhode Island,156,11.9
7319,2004,"Nephritis, nephrotic syndrome and nephrosis (N00-N07,N17-N19,N25-N27)",Kidney disease,Rhode Island,131,9.9
7320,2003,"Nephritis, nephrotic syndrome and nephrosis (N00-N07,N17-N19,N25-N27)",Kidney disease,Rhode Island,149,11.5
7321,2002,"Nephritis, nephrotic syndrome and nephrosis (N00-N07,N17-N19,N25-N27)",Kidney disease,Rhode Island,142,11.2
7322,2001,"Nephritis, nephrotic syndrome and nephrosis (N00-N07,N17-N19,N25-N27)",Kidney disease,Rhode Island,118,9.4
7323,2000,"Nephritis, nephrotic syndrome and nephrosis (N00-N07,N17-N19,N25-N27)",Kidney disease,Rhode Island,123,9.9
7324,1999,"Nephritis, nephrotic syndrome and nephrosis (N00-N07,N17-N19,N25-N27)",Kidney disease,Rhode Island,111,9
7325,2016,"Nephritis, nephrotic syndrome and nephrosis (N00-N07,N17-N19,N25-N27)",Kidney disease,South Carolina,897,15.3
7326,2015,"Nephritis, nephrotic syndrome and nephrosis (N00-N07,N17-N19,N25-N27)",Kidney disease,South Carolina,886,15.5
7327,2014,"Nephritis, nephrotic syndrome and nephrosis (N00-N07,N17-N19,N25-N27)",Kidney disease,South Carolina,837,15.1
7328,2013,"Nephritis, nephrotic syndrome and nephrosis (N00-N07,N17-N19,N25-N27)",Kidney disease,South Carolina,869,16
7329,2012,"Nephritis, nephrotic syndrome and nephrosis (N00-N07,N17-N19,N25-N27)",Kidney disease,South Carolina,860,16.4
7330,2011,"Nephritis, nephrotic syndrome and nephrosis (N00-N07,N17-N19,N25-N27)",Kidney disease,South Carolina,802,16.1
7331,2010,"Nephritis, nephrotic syndrome and nephrosis (N00-N07,N17-N19,N25-N27)",Kidney disease,South Carolina,963,19.9
7332,2009,"Nephritis, nephrotic syndrome and nephrosis (N00-N07,N17-N19,N25-N27)",Kidney disease,South Carolina,893,18.8
7333,2008,"Nephritis, nephrotic syndrome and nephrosis (N00-N07,N17-N19,N25-N27)",Kidney disease,South Carolina,945,20.3
7334,2007,"Nephritis, nephrotic syndrome and nephrosis (N00-N07,N17-N19,N25-N27)",Kidney disease,South Carolina,806,17.9
7335,2006,"Nephritis, nephrotic syndrome and nephrosis (N00-N07,N17-N19,N25-N27)",Kidney disease,South Carolina,846,19.5
7336,2005,"Nephritis, nephrotic syndrome and nephrosis (N00-N07,N17-N19,N25-N27)",Kidney disease,South Carolina,823,19.6
7337,2004,"Nephritis, nephrotic syndrome and nephrosis (N00-N07,N17-N19,N25-N27)",Kidney disease,South Carolina,818,20.1
7338,2003,"Nephritis, nephrotic syndrome and nephrosis (N00-N07,N17-N19,N25-N27)",Kidney disease,South Carolina,797,20.1
7339,2002,"Nephritis, nephrotic syndrome and nephrosis (N00-N07,N17-N19,N25-N27)",Kidney disease,South Carolina,781,20.1
7340,2001,"Nephritis, nephrotic syndrome and nephrosis (N00-N07,N17-N19,N25-N27)",Kidney disease,South Carolina,632,16.5
7341,2000,"Nephritis, nephrotic syndrome and nephrosis (N00-N07,N17-N19,N25-N27)",Kidney disease,South Carolina,539,14.5
7342,1999,"Nephritis, nephrotic syndrome and nephrosis (N00-N07,N17-N19,N25-N27)",Kidney disease,South Carolina,434,11.8
7343,2016,"Nephritis, nephrotic syndrome and nephrosis (N00-N07,N17-N19,N25-N27)",Kidney disease,South Dakota,90,7.6
7344,2015,"Nephritis, nephrotic syndrome and nephrosis (N00-N07,N17-N19,N25-N27)",Kidney disease,South Dakota,79,7.4
7345,2014,"Nephritis, nephrotic syndrome and nephrosis (N00-N07,N17-N19,N25-N27)",Kidney disease,South Dakota,72,6.5
7346,2013,"Nephritis, nephrotic syndrome and nephrosis (N00-N07,N17-N19,N25-N27)",Kidney disease,South Dakota,64,5.9
7347,2012,"Nephritis, nephrotic syndrome and nephrosis (N00-N07,N17-N19,N25-N27)",Kidney disease,South Dakota,58,5.6
7348,2011,"Nephritis, nephrotic syndrome and nephrosis (N00-N07,N17-N19,N25-N27)",Kidney disease,South Dakota,49,4.5
7349,2010,"Nephritis, nephrotic syndrome and nephrosis (N00-N07,N17-N19,N25-N27)",Kidney disease,South Dakota,74,7.3
7350,2009,"Nephritis, nephrotic syndrome and nephrosis (N00-N07,N17-N19,N25-N27)",Kidney disease,South Dakota,102,10.1
7351,2008,"Nephritis, nephrotic syndrome and nephrosis (N00-N07,N17-N19,N25-N27)",Kidney disease,South Dakota,89,9.1
7352,2007,"Nephritis, nephrotic syndrome and nephrosis (N00-N07,N17-N19,N25-N27)",Kidney disease,South Dakota,77,7.7
7353,2006,"Nephritis, nephrotic syndrome and nephrosis (N00-N07,N17-N19,N25-N27)",Kidney disease,South Dakota,62,6.4
7354,2005,"Nephritis, nephrotic syndrome and nephrosis (N00-N07,N17-N19,N25-N27)",Kidney disease,South Dakota,55,5.8
7355,2004,"Nephritis, nephrotic syndrome and nephrosis (N00-N07,N17-N19,N25-N27)",Kidney disease,South Dakota,92,9.9
7356,2003,"Nephritis, nephrotic syndrome and nephrosis (N00-N07,N17-N19,N25-N27)",Kidney disease,South Dakota,124,13.1
7357,2002,"Nephritis, nephrotic syndrome and nephrosis (N00-N07,N17-N19,N25-N27)",Kidney disease,South Dakota,128,13.9
7358,2001,"Nephritis, nephrotic syndrome and nephrosis (N00-N07,N17-N19,N25-N27)",Kidney disease,South Dakota,103,11.2
7359,2000,"Nephritis, nephrotic syndrome and nephrosis (N00-N07,N17-N19,N25-N27)",Kidney disease,South Dakota,130,14.7
7360,1999,"Nephritis, nephrotic syndrome and nephrosis (N00-N07,N17-N19,N25-N27)",Kidney disease,South Dakota,97,10.8
7361,2016,"Nephritis, nephrotic syndrome and nephrosis (N00-N07,N17-N19,N25-N27)",Kidney disease,Tennessee,1150,14.9
7362,2015,"Nephritis, nephrotic syndrome and nephrosis (N00-N07,N17-N19,N25-N27)",Kidney disease,Tennessee,1090,14.4
7363,2014,"Nephritis, nephrotic syndrome and nephrosis (N00-N07,N17-N19,N25-N27)",Kidney disease,Tennessee,1036,14.1
7364,2013,"Nephritis, nephrotic syndrome and nephrosis (N00-N07,N17-N19,N25-N27)",Kidney disease,Tennessee,1068,14.8
7365,2012,"Nephritis, nephrotic syndrome and nephrosis (N00-N07,N17-N19,N25-N27)",Kidney disease,Tennessee,933,13.4
7366,2011,"Nephritis, nephrotic syndrome and nephrosis (N00-N07,N17-N19,N25-N27)",Kidney disease,Tennessee,810,11.8
7367,2010,"Nephritis, nephrotic syndrome and nephrosis (N00-N07,N17-N19,N25-N27)",Kidney disease,Tennessee,983,14.8
7368,2009,"Nephritis, nephrotic syndrome and nephrosis (N00-N07,N17-N19,N25-N27)",Kidney disease,Tennessee,949,14.5
7369,2008,"Nephritis, nephrotic syndrome and nephrosis (N00-N07,N17-N19,N25-N27)",Kidney disease,Tennessee,908,14.3
7370,2007,"Nephritis, nephrotic syndrome and nephrosis (N00-N07,N17-N19,N25-N27)",Kidney disease,Tennessee,831,13.3
7371,2006,"Nephritis, nephrotic syndrome and nephrosis (N00-N07,N17-N19,N25-N27)",Kidney disease,Tennessee,768,12.6
7372,2005,"Nephritis, nephrotic syndrome and nephrosis (N00-N07,N17-N19,N25-N27)",Kidney disease,Tennessee,719,12
7373,2004,"Nephritis, nephrotic syndrome and nephrosis (N00-N07,N17-N19,N25-N27)",Kidney disease,Tennessee,680,11.7
7374,2003,"Nephritis, nephrotic syndrome and nephrosis (N00-N07,N17-N19,N25-N27)",Kidney disease,Tennessee,677,11.8
7375,2002,"Nephritis, nephrotic syndrome and nephrosis (N00-N07,N17-N19,N25-N27)",Kidney disease,Tennessee,586,10.4
7376,2001,"Nephritis, nephrotic syndrome and nephrosis (N00-N07,N17-N19,N25-N27)",Kidney disease,Tennessee,624,11.2
7377,2000,"Nephritis, nephrotic syndrome and nephrosis (N00-N07,N17-N19,N25-N27)",Kidney disease,Tennessee,565,10.2
7378,1999,"Nephritis, nephrotic syndrome and nephrosis (N00-N07,N17-N19,N25-N27)",Kidney disease,Tennessee,675,12.3
7379,2016,"Nephritis, nephrotic syndrome and nephrosis (N00-N07,N17-N19,N25-N27)",Kidney disease,Texas,4125,15.8
7380,2015,"Nephritis, nephrotic syndrome and nephrosis (N00-N07,N17-N19,N25-N27)",Kidney disease,Texas,4052,16.1
7381,2014,"Nephritis, nephrotic syndrome and nephrosis (N00-N07,N17-N19,N25-N27)",Kidney disease,Texas,4008,16.5
7382,2013,"Nephritis, nephrotic syndrome and nephrosis (N00-N07,N17-N19,N25-N27)",Kidney disease,Texas,3722,15.9
7383,2012,"Nephritis, nephrotic syndrome and nephrosis (N00-N07,N17-N19,N25-N27)",Kidney disease,Texas,3525,15.6
7384,2011,"Nephritis, nephrotic syndrome and nephrosis (N00-N07,N17-N19,N25-N27)",Kidney disease,Texas,3397,15.4
7385,2010,"Nephritis, nephrotic syndrome and nephrosis (N00-N07,N17-N19,N25-N27)",Kidney disease,Texas,3878,18.4
7386,2009,"Nephritis, nephrotic syndrome and nephrosis (N00-N07,N17-N19,N25-N27)",Kidney disease,Texas,3694,17.9
7387,2008,"Nephritis, nephrotic syndrome and nephrosis (N00-N07,N17-N19,N25-N27)",Kidney disease,Texas,3536,17.7
7388,2007,"Nephritis, nephrotic syndrome and nephrosis (N00-N07,N17-N19,N25-N27)",Kidney disease,Texas,3291,17
7389,2006,"Nephritis, nephrotic syndrome and nephrosis (N00-N07,N17-N19,N25-N27)",Kidney disease,Texas,2995,15.8
7390,2005,"Nephritis, nephrotic syndrome and nephrosis (N00-N07,N17-N19,N25-N27)",Kidney disease,Texas,2729,14.9
7391,2004,"Nephritis, nephrotic syndrome and nephrosis (N00-N07,N17-N19,N25-N27)",Kidney disease,Texas,2561,14.4
7392,2003,"Nephritis, nephrotic syndrome and nephrosis (N00-N07,N17-N19,N25-N27)",Kidney disease,Texas,2678,15.4
7393,2002,"Nephritis, nephrotic syndrome and nephrosis (N00-N07,N17-N19,N25-N27)",Kidney disease,Texas,2166,12.7
7394,2001,"Nephritis, nephrotic syndrome and nephrosis (N00-N07,N17-N19,N25-N27)",Kidney disease,Texas,2269,13.6
7395,2000,"Nephritis, nephrotic syndrome and nephrosis (N00-N07,N17-N19,N25-N27)",Kidney disease,Texas,1870,11.4
7396,1999,"Nephritis, nephrotic syndrome and nephrosis (N00-N07,N17-N19,N25-N27)",Kidney disease,Texas,1669,10.3
7397,2016,"Nephritis, nephrotic syndrome and nephrosis (N00-N07,N17-N19,N25-N27)",Kidney disease,United States,50046,13.1
7398,2015,"Nephritis, nephrotic syndrome and nephrosis (N00-N07,N17-N19,N25-N27)",Kidney disease,United States,49959,13.4
7399,2014,"Nephritis, nephrotic syndrome and nephrosis (N00-N07,N17-N19,N25-N27)",Kidney disease,United States,48146,13.2
7400,2013,"Nephritis, nephrotic syndrome and nephrosis (N00-N07,N17-N19,N25-N27)",Kidney disease,United States,47112,13.2
7401,2012,"Nephritis, nephrotic syndrome and nephrosis (N00-N07,N17-N19,N25-N27)",Kidney disease,United States,45622,13.1
7402,2011,"Nephritis, nephrotic syndrome and nephrosis (N00-N07,N17-N19,N25-N27)",Kidney disease,United States,45591,13.4
7403,2010,"Nephritis, nephrotic syndrome and nephrosis (N00-N07,N17-N19,N25-N27)",Kidney disease,United States,50476,15.3
7404,2009,"Nephritis, nephrotic syndrome and nephrosis (N00-N07,N17-N19,N25-N27)",Kidney disease,United States,48935,15.1
7405,2008,"Nephritis, nephrotic syndrome and nephrosis (N00-N07,N17-N19,N25-N27)",Kidney disease,United States,48237,15.1
7406,2007,"Nephritis, nephrotic syndrome and nephrosis (N00-N07,N17-N19,N25-N27)",Kidney disease,United States,46448,14.9
7407,2006,"Nephritis, nephrotic syndrome and nephrosis (N00-N07,N17-N19,N25-N27)",Kidney disease,United States,45344,14.8
7408,2005,"Nephritis, nephrotic syndrome and nephrosis (N00-N07,N17-N19,N25-N27)",Kidney disease,United States,43901,14.7
7409,2004,"Nephritis, nephrotic syndrome and nephrosis (N00-N07,N17-N19,N25-N27)",Kidney disease,United States,42480,14.5
7410,2003,"Nephritis, nephrotic syndrome and nephrosis (N00-N07,N17-N19,N25-N27)",Kidney disease,United States,42453,14.7
7411,2002,"Nephritis, nephrotic syndrome and nephrosis (N00-N07,N17-N19,N25-N27)",Kidney disease,United States,40974,14.4
7412,2001,"Nephritis, nephrotic syndrome and nephrosis (N00-N07,N17-N19,N25-N27)",Kidney disease,United States,39480,14.1
7413,2000,"Nephritis, nephrotic syndrome and nephrosis (N00-N07,N17-N19,N25-N27)",Kidney disease,United States,37251,13.5
7414,1999,"Nephritis, nephrotic syndrome and nephrosis (N00-N07,N17-N19,N25-N27)",Kidney disease,United States,35525,13
7415,2016,"Nephritis, nephrotic syndrome and nephrosis (N00-N07,N17-N19,N25-N27)",Kidney disease,Utah,370,15.2
7416,2015,"Nephritis, nephrotic syndrome and nephrosis (N00-N07,N17-N19,N25-N27)",Kidney disease,Utah,363,15.6
7417,2014,"Nephritis, nephrotic syndrome and nephrosis (N00-N07,N17-N19,N25-N27)",Kidney disease,Utah,393,17.2
7418,2013,"Nephritis, nephrotic syndrome and nephrosis (N00-N07,N17-N19,N25-N27)",Kidney disease,Utah,312,14.1
7419,2012,"Nephritis, nephrotic syndrome and nephrosis (N00-N07,N17-N19,N25-N27)",Kidney disease,Utah,270,12.4
7420,2011,"Nephritis, nephrotic syndrome and nephrosis (N00-N07,N17-N19,N25-N27)",Kidney disease,Utah,228,11
7421,2010,"Nephritis, nephrotic syndrome and nephrosis (N00-N07,N17-N19,N25-N27)",Kidney disease,Utah,263,13.1
7422,2009,"Nephritis, nephrotic syndrome and nephrosis (N00-N07,N17-N19,N25-N27)",Kidney disease,Utah,212,10.7
7423,2008,"Nephritis, nephrotic syndrome and nephrosis (N00-N07,N17-N19,N25-N27)",Kidney disease,Utah,212,11
7424,2007,"Nephritis, nephrotic syndrome and nephrosis (N00-N07,N17-N19,N25-N27)",Kidney disease,Utah,220,12
7425,2006,"Nephritis, nephrotic syndrome and nephrosis (N00-N07,N17-N19,N25-N27)",Kidney disease,Utah,210,11.6
7426,2005,"Nephritis, nephrotic syndrome and nephrosis (N00-N07,N17-N19,N25-N27)",Kidney disease,Utah,177,10.3
7427,2004,"Nephritis, nephrotic syndrome and nephrosis (N00-N07,N17-N19,N25-N27)",Kidney disease,Utah,235,14.3
7428,2003,"Nephritis, nephrotic syndrome and nephrosis (N00-N07,N17-N19,N25-N27)",Kidney disease,Utah,207,12.7
7429,2002,"Nephritis, nephrotic syndrome and nephrosis (N00-N07,N17-N19,N25-N27)",Kidney disease,Utah,184,11.7
7430,2001,"Nephritis, nephrotic syndrome and nephrosis (N00-N07,N17-N19,N25-N27)",Kidney disease,Utah,178,11.5
7431,2000,"Nephritis, nephrotic syndrome and nephrosis (N00-N07,N17-N19,N25-N27)",Kidney disease,Utah,170,11.3
7432,1999,"Nephritis, nephrotic syndrome and nephrosis (N00-N07,N17-N19,N25-N27)",Kidney disease,Utah,135,9.1
7433,2016,"Nephritis, nephrotic syndrome and nephrosis (N00-N07,N17-N19,N25-N27)",Kidney disease,Vermont,30,3.7
7434,2015,"Nephritis, nephrotic syndrome and nephrosis (N00-N07,N17-N19,N25-N27)",Kidney disease,Vermont,39,4.5
7435,2014,"Nephritis, nephrotic syndrome and nephrosis (N00-N07,N17-N19,N25-N27)",Kidney disease,Vermont,37,4.5
7436,2013,"Nephritis, nephrotic syndrome and nephrosis (N00-N07,N17-N19,N25-N27)",Kidney disease,Vermont,30,3.8
7437,2012,"Nephritis, nephrotic syndrome and nephrosis (N00-N07,N17-N19,N25-N27)",Kidney disease,Vermont,21,2.6
7438,2011,"Nephritis, nephrotic syndrome and nephrosis (N00-N07,N17-N19,N25-N27)",Kidney disease,Vermont,43,5.4
7439,2010,"Nephritis, nephrotic syndrome and nephrosis (N00-N07,N17-N19,N25-N27)",Kidney disease,Vermont,50,6.7
7440,2009,"Nephritis, nephrotic syndrome and nephrosis (N00-N07,N17-N19,N25-N27)",Kidney disease,Vermont,49,6.8
7441,2008,"Nephritis, nephrotic syndrome and nephrosis (N00-N07,N17-N19,N25-N27)",Kidney disease,Vermont,39,5.4
7442,2007,"Nephritis, nephrotic syndrome and nephrosis (N00-N07,N17-N19,N25-N27)",Kidney disease,Vermont,54,7.6
7443,2006,"Nephritis, nephrotic syndrome and nephrosis (N00-N07,N17-N19,N25-N27)",Kidney disease,Vermont,52,7.4
7444,2005,"Nephritis, nephrotic syndrome and nephrosis (N00-N07,N17-N19,N25-N27)",Kidney disease,Vermont,52,7.7
7445,2004,"Nephritis, nephrotic syndrome and nephrosis (N00-N07,N17-N19,N25-N27)",Kidney disease,Vermont,57,8.5
7446,2003,"Nephritis, nephrotic syndrome and nephrosis (N00-N07,N17-N19,N25-N27)",Kidney disease,Vermont,53,8.1
7447,2002,"Nephritis, nephrotic syndrome and nephrosis (N00-N07,N17-N19,N25-N27)",Kidney disease,Vermont,53,8.3
7448,2001,"Nephritis, nephrotic syndrome and nephrosis (N00-N07,N17-N19,N25-N27)",Kidney disease,Vermont,86,13.5
7449,2000,"Nephritis, nephrotic syndrome and nephrosis (N00-N07,N17-N19,N25-N27)",Kidney disease,Vermont,62,10
7450,1999,"Nephritis, nephrotic syndrome and nephrosis (N00-N07,N17-N19,N25-N27)",Kidney disease,Vermont,56,9.2
7451,2016,"Nephritis, nephrotic syndrome and nephrosis (N00-N07,N17-N19,N25-N27)",Kidney disease,Virginia,1543,16.6
7452,2015,"Nephritis, nephrotic syndrome and nephrosis (N00-N07,N17-N19,N25-N27)",Kidney disease,Virginia,1470,16.1
7453,2014,"Nephritis, nephrotic syndrome and nephrosis (N00-N07,N17-N19,N25-N27)",Kidney disease,Virginia,1553,17.6
7454,2013,"Nephritis, nephrotic syndrome and nephrosis (N00-N07,N17-N19,N25-N27)",Kidney disease,Virginia,1547,18
7455,2012,"Nephritis, nephrotic syndrome and nephrosis (N00-N07,N17-N19,N25-N27)",Kidney disease,Virginia,1523,18.3
7456,2011,"Nephritis, nephrotic syndrome and nephrosis (N00-N07,N17-N19,N25-N27)",Kidney disease,Virginia,1419,17.5
7457,2010,"Nephritis, nephrotic syndrome and nephrosis (N00-N07,N17-N19,N25-N27)",Kidney disease,Virginia,1595,20.2
7458,2009,"Nephritis, nephrotic syndrome and nephrosis (N00-N07,N17-N19,N25-N27)",Kidney disease,Virginia,1521,19.7
7459,2008,"Nephritis, nephrotic syndrome and nephrosis (N00-N07,N17-N19,N25-N27)",Kidney disease,Virginia,1537,20.5
7460,2007,"Nephritis, nephrotic syndrome and nephrosis (N00-N07,N17-N19,N25-N27)",Kidney disease,Virginia,1439,19.7
7461,2006,"Nephritis, nephrotic syndrome and nephrosis (N00-N07,N17-N19,N25-N27)",Kidney disease,Virginia,1400,19.6
7462,2005,"Nephritis, nephrotic syndrome and nephrosis (N00-N07,N17-N19,N25-N27)",Kidney disease,Virginia,1277,18.4
7463,2004,"Nephritis, nephrotic syndrome and nephrosis (N00-N07,N17-N19,N25-N27)",Kidney disease,Virginia,1249,18.5
7464,2003,"Nephritis, nephrotic syndrome and nephrosis (N00-N07,N17-N19,N25-N27)",Kidney disease,Virginia,1244,18.7
7465,2002,"Nephritis, nephrotic syndrome and nephrosis (N00-N07,N17-N19,N25-N27)",Kidney disease,Virginia,1236,19
7466,2001,"Nephritis, nephrotic syndrome and nephrosis (N00-N07,N17-N19,N25-N27)",Kidney disease,Virginia,1128,17.8
7467,2000,"Nephritis, nephrotic syndrome and nephrosis (N00-N07,N17-N19,N25-N27)",Kidney disease,Virginia,1118,17.9
7468,1999,"Nephritis, nephrotic syndrome and nephrosis (N00-N07,N17-N19,N25-N27)",Kidney disease,Virginia,1035,16.9
7469,2016,"Nephritis, nephrotic syndrome and nephrosis (N00-N07,N17-N19,N25-N27)",Kidney disease,Washington,532,6.6
7470,2015,"Nephritis, nephrotic syndrome and nephrosis (N00-N07,N17-N19,N25-N27)",Kidney disease,Washington,474,5.9
7471,2014,"Nephritis, nephrotic syndrome and nephrosis (N00-N07,N17-N19,N25-N27)",Kidney disease,Washington,481,6.2
7472,2013,"Nephritis, nephrotic syndrome and nephrosis (N00-N07,N17-N19,N25-N27)",Kidney disease,Washington,461,6.1
7473,2012,"Nephritis, nephrotic syndrome and nephrosis (N00-N07,N17-N19,N25-N27)",Kidney disease,Washington,482,6.6
7474,2011,"Nephritis, nephrotic syndrome and nephrosis (N00-N07,N17-N19,N25-N27)",Kidney disease,Washington,492,6.8
7475,2010,"Nephritis, nephrotic syndrome and nephrosis (N00-N07,N17-N19,N25-N27)",Kidney disease,Washington,552,8
7476,2009,"Nephritis, nephrotic syndrome and nephrosis (N00-N07,N17-N19,N25-N27)",Kidney disease,Washington,509,7.5
7477,2008,"Nephritis, nephrotic syndrome and nephrosis (N00-N07,N17-N19,N25-N27)",Kidney disease,Washington,471,7.1
7478,2007,"Nephritis, nephrotic syndrome and nephrosis (N00-N07,N17-N19,N25-N27)",Kidney disease,Washington,440,6.8
7479,2006,"Nephritis, nephrotic syndrome and nephrosis (N00-N07,N17-N19,N25-N27)",Kidney disease,Washington,423,6.7
7480,2005,"Nephritis, nephrotic syndrome and nephrosis (N00-N07,N17-N19,N25-N27)",Kidney disease,Washington,450,7.5
7481,2004,"Nephritis, nephrotic syndrome and nephrosis (N00-N07,N17-N19,N25-N27)",Kidney disease,Washington,348,5.9
7482,2003,"Nephritis, nephrotic syndrome and nephrosis (N00-N07,N17-N19,N25-N27)",Kidney disease,Washington,304,5.3
7483,2002,"Nephritis, nephrotic syndrome and nephrosis (N00-N07,N17-N19,N25-N27)",Kidney disease,Washington,306,5.4
7484,2001,"Nephritis, nephrotic syndrome and nephrosis (N00-N07,N17-N19,N25-N27)",Kidney disease,Washington,279,5
7485,2000,"Nephritis, nephrotic syndrome and nephrosis (N00-N07,N17-N19,N25-N27)",Kidney disease,Washington,293,5.4
7486,1999,"Nephritis, nephrotic syndrome and nephrosis (N00-N07,N17-N19,N25-N27)",Kidney disease,Washington,278,5.2
7487,2016,"Nephritis, nephrotic syndrome and nephrosis (N00-N07,N17-N19,N25-N27)",Kidney disease,West Virginia,481,19.3
7488,2015,"Nephritis, nephrotic syndrome and nephrosis (N00-N07,N17-N19,N25-N27)",Kidney disease,West Virginia,510,20.4
7489,2014,"Nephritis, nephrotic syndrome and nephrosis (N00-N07,N17-N19,N25-N27)",Kidney disease,West Virginia,479,19.6
7490,2013,"Nephritis, nephrotic syndrome and nephrosis (N00-N07,N17-N19,N25-N27)",Kidney disease,West Virginia,450,18.6
7491,2012,"Nephritis, nephrotic syndrome and nephrosis (N00-N07,N17-N19,N25-N27)",Kidney disease,West Virginia,471,19.7
7492,2011,"Nephritis, nephrotic syndrome and nephrosis (N00-N07,N17-N19,N25-N27)",Kidney disease,West Virginia,445,19.1
7493,2010,"Nephritis, nephrotic syndrome and nephrosis (N00-N07,N17-N19,N25-N27)",Kidney disease,West Virginia,475,20.3
7494,2009,"Nephritis, nephrotic syndrome and nephrosis (N00-N07,N17-N19,N25-N27)",Kidney disease,West Virginia,504,21.9
7495,2008,"Nephritis, nephrotic syndrome and nephrosis (N00-N07,N17-N19,N25-N27)",Kidney disease,West Virginia,522,23
7496,2007,"Nephritis, nephrotic syndrome and nephrosis (N00-N07,N17-N19,N25-N27)",Kidney disease,West Virginia,480,21.3
7497,2006,"Nephritis, nephrotic syndrome and nephrosis (N00-N07,N17-N19,N25-N27)",Kidney disease,West Virginia,468,21
7498,2005,"Nephritis, nephrotic syndrome and nephrosis (N00-N07,N17-N19,N25-N27)",Kidney disease,West Virginia,442,20.4
7499,2004,"Nephritis, nephrotic syndrome and nephrosis (N00-N07,N17-N19,N25-N27)",Kidney disease,West Virginia,450,20.7
7500,2003,"Nephritis, nephrotic syndrome and nephrosis (N00-N07,N17-N19,N25-N27)",Kidney disease,West Virginia,458,21.2
7501,2002,"Nephritis, nephrotic syndrome and nephrosis (N00-N07,N17-N19,N25-N27)",Kidney disease,West Virginia,462,21.6
7502,2001,"Nephritis, nephrotic syndrome and nephrosis (N00-N07,N17-N19,N25-N27)",Kidney disease,West Virginia,391,18.3
7503,2000,"Nephritis, nephrotic syndrome and nephrosis (N00-N07,N17-N19,N25-N27)",Kidney disease,West Virginia,378,17.9
7504,1999,"Nephritis, nephrotic syndrome and nephrosis (N00-N07,N17-N19,N25-N27)",Kidney disease,West Virginia,345,16.4
7505,2016,"Nephritis, nephrotic syndrome and nephrosis (N00-N07,N17-N19,N25-N27)",Kidney disease,Wisconsin,960,13
7506,2015,"Nephritis, nephrotic syndrome and nephrosis (N00-N07,N17-N19,N25-N27)",Kidney disease,Wisconsin,996,13.7
7507,2014,"Nephritis, nephrotic syndrome and nephrosis (N00-N07,N17-N19,N25-N27)",Kidney disease,Wisconsin,980,13.5
7508,2013,"Nephritis, nephrotic syndrome and nephrosis (N00-N07,N17-N19,N25-N27)",Kidney disease,Wisconsin,993,14
7509,2012,"Nephritis, nephrotic syndrome and nephrosis (N00-N07,N17-N19,N25-N27)",Kidney disease,Wisconsin,1024,14.8
7510,2011,"Nephritis, nephrotic syndrome and nephrosis (N00-N07,N17-N19,N25-N27)",Kidney disease,Wisconsin,979,14.3
7511,2010,"Nephritis, nephrotic syndrome and nephrosis (N00-N07,N17-N19,N25-N27)",Kidney disease,Wisconsin,1163,17.5
7512,2009,"Nephritis, nephrotic syndrome and nephrosis (N00-N07,N17-N19,N25-N27)",Kidney disease,Wisconsin,994,15.1
7513,2008,"Nephritis, nephrotic syndrome and nephrosis (N00-N07,N17-N19,N25-N27)",Kidney disease,Wisconsin,1007,15.5
7514,2007,"Nephritis, nephrotic syndrome and nephrosis (N00-N07,N17-N19,N25-N27)",Kidney disease,Wisconsin,1002,15.6
7515,2006,"Nephritis, nephrotic syndrome and nephrosis (N00-N07,N17-N19,N25-N27)",Kidney disease,Wisconsin,962,15.4
7516,2005,"Nephritis, nephrotic syndrome and nephrosis (N00-N07,N17-N19,N25-N27)",Kidney disease,Wisconsin,930,15
7517,2004,"Nephritis, nephrotic syndrome and nephrosis (N00-N07,N17-N19,N25-N27)",Kidney disease,Wisconsin,925,15.2
7518,2003,"Nephritis, nephrotic syndrome and nephrosis (N00-N07,N17-N19,N25-N27)",Kidney disease,Wisconsin,873,14.5
7519,2002,"Nephritis, nephrotic syndrome and nephrosis (N00-N07,N17-N19,N25-N27)",Kidney disease,Wisconsin,852,14.5
7520,2001,"Nephritis, nephrotic syndrome and nephrosis (N00-N07,N17-N19,N25-N27)",Kidney disease,Wisconsin,791,13.5
7521,2000,"Nephritis, nephrotic syndrome and nephrosis (N00-N07,N17-N19,N25-N27)",Kidney disease,Wisconsin,751,13.1
7522,1999,"Nephritis, nephrotic syndrome and nephrosis (N00-N07,N17-N19,N25-N27)",Kidney disease,Wisconsin,677,11.9
7523,2016,"Nephritis, nephrotic syndrome and nephrosis (N00-N07,N17-N19,N25-N27)",Kidney disease,Wyoming,66,10
7524,2015,"Nephritis, nephrotic syndrome and nephrosis (N00-N07,N17-N19,N25-N27)",Kidney disease,Wyoming,86,13.3
7525,2014,"Nephritis, nephrotic syndrome and nephrosis (N00-N07,N17-N19,N25-N27)",Kidney disease,Wyoming,78,12.2
7526,2013,"Nephritis, nephrotic syndrome and nephrosis (N00-N07,N17-N19,N25-N27)",Kidney disease,Wyoming,56,9.4
7527,2012,"Nephritis, nephrotic syndrome and nephrosis (N00-N07,N17-N19,N25-N27)",Kidney disease,Wyoming,72,12.3
7528,2011,"Nephritis, nephrotic syndrome and nephrosis (N00-N07,N17-N19,N25-N27)",Kidney disease,Wyoming,85,14.9
7529,2010,"Nephritis, nephrotic syndrome and nephrosis (N00-N07,N17-N19,N25-N27)",Kidney disease,Wyoming,69,12.5
7530,2009,"Nephritis, nephrotic syndrome and nephrosis (N00-N07,N17-N19,N25-N27)",Kidney disease,Wyoming,76,14
7531,2008,"Nephritis, nephrotic syndrome and nephrosis (N00-N07,N17-N19,N25-N27)",Kidney disease,Wyoming,56,10.8
7532,2007,"Nephritis, nephrotic syndrome and nephrosis (N00-N07,N17-N19,N25-N27)",Kidney disease,Wyoming,68,13.4
7533,2006,"Nephritis, nephrotic syndrome and nephrosis (N00-N07,N17-N19,N25-N27)",Kidney disease,Wyoming,58,11.6
7534,2005,"Nephritis, nephrotic syndrome and nephrosis (N00-N07,N17-N19,N25-N27)",Kidney disease,Wyoming,66,13.6
7535,2004,"Nephritis, nephrotic syndrome and nephrosis (N00-N07,N17-N19,N25-N27)",Kidney disease,Wyoming,45,9.3
7536,2003,"Nephritis, nephrotic syndrome and nephrosis (N00-N07,N17-N19,N25-N27)",Kidney disease,Wyoming,57,11.9
7537,2002,"Nephritis, nephrotic syndrome and nephrosis (N00-N07,N17-N19,N25-N27)",Kidney disease,Wyoming,43,9.2
7538,2001,"Nephritis, nephrotic syndrome and nephrosis (N00-N07,N17-N19,N25-N27)",Kidney disease,Wyoming,54,11.7
7539,2000,"Nephritis, nephrotic syndrome and nephrosis (N00-N07,N17-N19,N25-N27)",Kidney disease,Wyoming,45,9.9
7540,1999,"Nephritis, nephrotic syndrome and nephrosis (N00-N07,N17-N19,N25-N27)",Kidney disease,Wyoming,30,6.8
7541,2016,Cerebrovascular diseases (I60-I69),Stroke,Alabama,2967,51.6
7542,2015,Cerebrovascular diseases (I60-I69),Stroke,Alabama,2937,52.2
7543,2014,Cerebrovascular diseases (I60-I69),Stroke,Alabama,2663,48.3
7544,2013,Cerebrovascular diseases (I60-I69),Stroke,Alabama,2604,48.1
7545,2012,Cerebrovascular diseases (I60-I69),Stroke,Alabama,2628,49.5
7546,2011,Cerebrovascular diseases (I60-I69),Stroke,Alabama,2568,49.4
7547,2010,Cerebrovascular diseases (I60-I69),Stroke,Alabama,2619,51.6
7548,2009,Cerebrovascular diseases (I60-I69),Stroke,Alabama,2675,53.6
7549,2008,Cerebrovascular diseases (I60-I69),Stroke,Alabama,2863,58.2
7550,2007,Cerebrovascular diseases (I60-I69),Stroke,Alabama,2747,56.9
7551,2006,Cerebrovascular diseases (I60-I69),Stroke,Alabama,2740,57.8
7552,2005,Cerebrovascular diseases (I60-I69),Stroke,Alabama,2952,63.4
7553,2004,Cerebrovascular diseases (I60-I69),Stroke,Alabama,2986,65.5
7554,2003,Cerebrovascular diseases (I60-I69),Stroke,Alabama,3028,67
7555,2002,Cerebrovascular diseases (I60-I69),Stroke,Alabama,3201,71.2
7556,2001,Cerebrovascular diseases (I60-I69),Stroke,Alabama,2998,66.9
7557,2000,Cerebrovascular diseases (I60-I69),Stroke,Alabama,3183,71.5
7558,1999,Cerebrovascular diseases (I60-I69),Stroke,Alabama,3148,71.5
7559,2016,Cerebrovascular diseases (I60-I69),Stroke,Alaska,196,39
7560,2015,Cerebrovascular diseases (I60-I69),Stroke,Alaska,182,36.8
7561,2014,Cerebrovascular diseases (I60-I69),Stroke,Alaska,157,32.3
7562,2013,Cerebrovascular diseases (I60-I69),Stroke,Alaska,189,40.7
7563,2012,Cerebrovascular diseases (I60-I69),Stroke,Alaska,188,42.5
7564,2011,Cerebrovascular diseases (I60-I69),Stroke,Alaska,168,39.4
7565,2009,Cerebrovascular diseases (I60-I69),Stroke,Alaska,162,41.8
7566,2008,Cerebrovascular diseases (I60-I69),Stroke,Alaska,172,44.5
7567,2007,Cerebrovascular diseases (I60-I69),Stroke,Alaska,157,47
7568,2006,Cerebrovascular diseases (I60-I69),Stroke,Alaska,177,48.2
7569,2005,Cerebrovascular diseases (I60-I69),Stroke,Alaska,178,54.9
7570,2004,Cerebrovascular diseases (I60-I69),Stroke,Alaska,172,52.8
7571,2003,Cerebrovascular diseases (I60-I69),Stroke,Alaska,185,62.3
7572,2002,Cerebrovascular diseases (I60-I69),Stroke,Alaska,158,56
7573,2001,Cerebrovascular diseases (I60-I69),Stroke,Alaska,158,57.9
7574,2000,Cerebrovascular diseases (I60-I69),Stroke,Alaska,170,66.1
7575,1999,Cerebrovascular diseases (I60-I69),Stroke,Alaska,171,71.2
7576,2016,Cerebrovascular diseases (I60-I69),Stroke,Arizona,2556,29.8
7577,2015,Cerebrovascular diseases (I60-I69),Stroke,Arizona,2522,30.7
7578,2014,Cerebrovascular diseases (I60-I69),Stroke,Arizona,2235,28.3
7579,2013,Cerebrovascular diseases (I60-I69),Stroke,Arizona,2162,28.6
7580,2012,Cerebrovascular diseases (I60-I69),Stroke,Arizona,2164,29.9
7581,2011,Cerebrovascular diseases (I60-I69),Stroke,Arizona,2148,30.6
7582,2010,Cerebrovascular diseases (I60-I69),Stroke,Arizona,2138,31.9
7583,2009,Cerebrovascular diseases (I60-I69),Stroke,Arizona,2072,31.7
7584,2008,Cerebrovascular diseases (I60-I69),Stroke,Arizona,2147,33.9
7585,2007,Cerebrovascular diseases (I60-I69),Stroke,Arizona,2207,35.9
7586,2006,Cerebrovascular diseases (I60-I69),Stroke,Arizona,2226,37.5
7587,2005,Cerebrovascular diseases (I60-I69),Stroke,Arizona,2364,41.4
7588,2004,Cerebrovascular diseases (I60-I69),Stroke,Arizona,2446,44.6
7589,2003,Cerebrovascular diseases (I60-I69),Stroke,Arizona,2428,45.5
7590,2002,Cerebrovascular diseases (I60-I69),Stroke,Arizona,2535,49.1
7591,2001,Cerebrovascular diseases (I60-I69),Stroke,Arizona,2480,49
7592,2000,Cerebrovascular diseases (I60-I69),Stroke,Arizona,2648,53.8
7593,1999,Cerebrovascular diseases (I60-I69),Stroke,Arizona,2600,54.4
7594,2016,Cerebrovascular diseases (I60-I69),Stroke,Arkansas,1643,45.6
7595,2015,Cerebrovascular diseases (I60-I69),Stroke,Arkansas,1653,46.8
7596,2014,Cerebrovascular diseases (I60-I69),Stroke,Arkansas,1583,45.4
7597,2013,Cerebrovascular diseases (I60-I69),Stroke,Arkansas,1637,47.6
7598,2012,Cerebrovascular diseases (I60-I69),Stroke,Arkansas,1664,49.1
7599,2011,Cerebrovascular diseases (I60-I69),Stroke,Arkansas,1692,50.6
7600,2010,Cerebrovascular diseases (I60-I69),Stroke,Arkansas,1741,53.8
7601,2009,Cerebrovascular diseases (I60-I69),Stroke,Arkansas,1694,52.9
7602,2008,Cerebrovascular diseases (I60-I69),Stroke,Arkansas,1722,54.4
7603,2007,Cerebrovascular diseases (I60-I69),Stroke,Arkansas,1873,60.1
7604,2006,Cerebrovascular diseases (I60-I69),Stroke,Arkansas,1884,61.2
7605,2005,Cerebrovascular diseases (I60-I69),Stroke,Arkansas,1847,61.2
7606,2004,Cerebrovascular diseases (I60-I69),Stroke,Arkansas,1948,65.3
7607,2003,Cerebrovascular diseases (I60-I69),Stroke,Arkansas,2107,71.1
7608,2002,Cerebrovascular diseases (I60-I69),Stroke,Arkansas,2232,75.7
7609,2001,Cerebrovascular diseases (I60-I69),Stroke,Arkansas,2256,76.8
7610,2000,Cerebrovascular diseases (I60-I69),Stroke,Arkansas,2255,77.2
7611,1999,Cerebrovascular diseases (I60-I69),Stroke,Arkansas,2255,77.7
7612,2016,Cerebrovascular diseases (I60-I69),Stroke,California,15680,36.9
7613,2015,Cerebrovascular diseases (I60-I69),Stroke,California,15065,36.2
7614,2014,Cerebrovascular diseases (I60-I69),Stroke,California,13731,33.9
7615,2013,Cerebrovascular diseases (I60-I69),Stroke,California,13698,34.9
7616,2012,Cerebrovascular diseases (I60-I69),Stroke,California,13542,35.4
7617,2011,Cerebrovascular diseases (I60-I69),Stroke,California,13503,36.4
7618,2010,Cerebrovascular diseases (I60-I69),Stroke,California,13662,38.1
7619,2009,Cerebrovascular diseases (I60-I69),Stroke,California,13506,38.5
7620,2008,Cerebrovascular diseases (I60-I69),Stroke,California,14048,41.2
7621,2007,Cerebrovascular diseases (I60-I69),Stroke,California,14557,43.7
7622,2006,Cerebrovascular diseases (I60-I69),Stroke,California,15039,46.4
7623,2005,Cerebrovascular diseases (I60-I69),Stroke,California,15585,49
7624,2004,Cerebrovascular diseases (I60-I69),Stroke,California,16882,54.6
7625,2003,Cerebrovascular diseases (I60-I69),Stroke,California,17692,58.2
7626,2002,Cerebrovascular diseases (I60-I69),Stroke,California,17626,59.3
7627,2001,Cerebrovascular diseases (I60-I69),Stroke,California,18088,62.1
7628,2000,Cerebrovascular diseases (I60-I69),Stroke,California,18185,64
7629,1999,Cerebrovascular diseases (I60-I69),Stroke,California,17962,64.5
7630,2016,Cerebrovascular diseases (I60-I69),Stroke,Colorado,1927,35.2
7631,2015,Cerebrovascular diseases (I60-I69),Stroke,Colorado,1856,34.9
7632,2014,Cerebrovascular diseases (I60-I69),Stroke,Colorado,1714,33.4
7633,2013,Cerebrovascular diseases (I60-I69),Stroke,Colorado,1588,32
7634,2012,Cerebrovascular diseases (I60-I69),Stroke,Colorado,1576,32.6
7635,2011,Cerebrovascular diseases (I60-I69),Stroke,Colorado,1606,34.6
7636,2010,Cerebrovascular diseases (I60-I69),Stroke,Colorado,1607,36.1
7637,2009,Cerebrovascular diseases (I60-I69),Stroke,Colorado,1532,35.2
7638,2008,Cerebrovascular diseases (I60-I69),Stroke,Colorado,1565,37.4
7639,2007,Cerebrovascular diseases (I60-I69),Stroke,Colorado,1600,39.5
7640,2006,Cerebrovascular diseases (I60-I69),Stroke,Colorado,1532,39.1
7641,2005,Cerebrovascular diseases (I60-I69),Stroke,Colorado,1599,42.6
7642,2004,Cerebrovascular diseases (I60-I69),Stroke,Colorado,1638,44.9
7643,2003,Cerebrovascular diseases (I60-I69),Stroke,Colorado,1813,51.5
7644,2002,Cerebrovascular diseases (I60-I69),Stroke,Colorado,1915,55.7
7645,2001,Cerebrovascular diseases (I60-I69),Stroke,Colorado,1825,54.7
7646,2000,Cerebrovascular diseases (I60-I69),Stroke,Colorado,1907,58.7
7647,1999,Cerebrovascular diseases (I60-I69),Stroke,Colorado,1834,57.2
7648,2016,Cerebrovascular diseases (I60-I69),Stroke,Connecticut,1269,26.3
7649,2015,Cerebrovascular diseases (I60-I69),Stroke,Connecticut,1388,28.5
7650,2014,Cerebrovascular diseases (I60-I69),Stroke,Connecticut,1266,26.3
7651,2013,Cerebrovascular diseases (I60-I69),Stroke,Connecticut,1348,28.3
7652,2012,Cerebrovascular diseases (I60-I69),Stroke,Connecticut,1273,27
7653,2011,Cerebrovascular diseases (I60-I69),Stroke,Connecticut,1315,28.3
7654,2010,Cerebrovascular diseases (I60-I69),Stroke,Connecticut,1349,29.4
7655,2009,Cerebrovascular diseases (I60-I69),Stroke,Connecticut,1460,32.4
7656,2008,Cerebrovascular diseases (I60-I69),Stroke,Connecticut,1433,32
7657,2007,Cerebrovascular diseases (I60-I69),Stroke,Connecticut,1463,33.4
7658,2006,Cerebrovascular diseases (I60-I69),Stroke,Connecticut,1547,35.8
7659,2005,Cerebrovascular diseases (I60-I69),Stroke,Connecticut,1528,36.2
7660,2004,Cerebrovascular diseases (I60-I69),Stroke,Connecticut,1635,39.1
7661,2003,Cerebrovascular diseases (I60-I69),Stroke,Connecticut,1828,44
7662,2002,Cerebrovascular diseases (I60-I69),Stroke,Connecticut,1861,46
7663,2001,Cerebrovascular diseases (I60-I69),Stroke,Connecticut,2003,50.1
7664,2000,Cerebrovascular diseases (I60-I69),Stroke,Connecticut,2011,51.4
7665,1999,Cerebrovascular diseases (I60-I69),Stroke,Connecticut,1933,50
7666,2016,Cerebrovascular diseases (I60-I69),Stroke,Delaware,506,41.6
7667,2015,Cerebrovascular diseases (I60-I69),Stroke,Delaware,466,39.4
7668,2014,Cerebrovascular diseases (I60-I69),Stroke,Delaware,439,38.8
7669,2013,Cerebrovascular diseases (I60-I69),Stroke,Delaware,409,37
7670,2012,Cerebrovascular diseases (I60-I69),Stroke,Delaware,404,38.2
7671,2011,Cerebrovascular diseases (I60-I69),Stroke,Delaware,418,40.5
7672,2010,Cerebrovascular diseases (I60-I69),Stroke,Delaware,407,40.7
7673,2009,Cerebrovascular diseases (I60-I69),Stroke,Delaware,415,42.5
7674,2008,Cerebrovascular diseases (I60-I69),Stroke,Delaware,365,37.9
7675,2007,Cerebrovascular diseases (I60-I69),Stroke,Delaware,374,40.4
7676,2006,Cerebrovascular diseases (I60-I69),Stroke,Delaware,384,42.9
7677,2005,Cerebrovascular diseases (I60-I69),Stroke,Delaware,384,44.3
7678,2004,Cerebrovascular diseases (I60-I69),Stroke,Delaware,350,41.8
7679,2003,Cerebrovascular diseases (I60-I69),Stroke,Delaware,407,49.9
7680,2002,Cerebrovascular diseases (I60-I69),Stroke,Delaware,405,51.4
7681,2001,Cerebrovascular diseases (I60-I69),Stroke,Delaware,383,50.1
7682,2000,Cerebrovascular diseases (I60-I69),Stroke,Delaware,430,57.6
7683,1999,Cerebrovascular diseases (I60-I69),Stroke,Delaware,365,49.4
7684,2016,Cerebrovascular diseases (I60-I69),Stroke,District of Columbia,252,38.4
7685,2015,Cerebrovascular diseases (I60-I69),Stroke,District of Columbia,242,38.3
7686,2014,Cerebrovascular diseases (I60-I69),Stroke,District of Columbia,214,33.6
7687,2013,Cerebrovascular diseases (I60-I69),Stroke,District of Columbia,187,30.1
7688,2012,Cerebrovascular diseases (I60-I69),Stroke,District of Columbia,207,33.8
7689,2011,Cerebrovascular diseases (I60-I69),Stroke,District of Columbia,209,34.2
7690,2010,Cerebrovascular diseases (I60-I69),Stroke,District of Columbia,196,32.7
7691,2009,Cerebrovascular diseases (I60-I69),Stroke,District of Columbia,199,34.6
7692,2008,Cerebrovascular diseases (I60-I69),Stroke,District of Columbia,222,38.5
7693,2007,Cerebrovascular diseases (I60-I69),Stroke,District of Columbia,220,39
7694,2006,Cerebrovascular diseases (I60-I69),Stroke,District of Columbia,221,40
7695,2005,Cerebrovascular diseases (I60-I69),Stroke,District of Columbia,231,41.2
7696,2004,Cerebrovascular diseases (I60-I69),Stroke,District of Columbia,218,39.3
7697,2003,Cerebrovascular diseases (I60-I69),Stroke,District of Columbia,257,46
7698,2002,Cerebrovascular diseases (I60-I69),Stroke,District of Columbia,279,49.7
7699,2001,Cerebrovascular diseases (I60-I69),Stroke,District of Columbia,265,47.1
7700,2000,Cerebrovascular diseases (I60-I69),Stroke,District of Columbia,252,44.4
7701,1999,Cerebrovascular diseases (I60-I69),Stroke,District of Columbia,297,53.3
7702,2016,Cerebrovascular diseases (I60-I69),Stroke,Florida,11854,37.3
7703,2015,Cerebrovascular diseases (I60-I69),Stroke,Florida,11433,37.1
7704,2014,Cerebrovascular diseases (I60-I69),Stroke,Florida,9770,33
7705,2013,Cerebrovascular diseases (I60-I69),Stroke,Florida,8698,30.6
7706,2012,Cerebrovascular diseases (I60-I69),Stroke,Florida,8456,30.7
7707,2011,Cerebrovascular diseases (I60-I69),Stroke,Florida,8411,31.5
7708,2010,Cerebrovascular diseases (I60-I69),Stroke,Florida,8432,32.8
7709,2009,Cerebrovascular diseases (I60-I69),Stroke,Florida,8395,33.2
7710,2008,Cerebrovascular diseases (I60-I69),Stroke,Florida,8589,34.8
7711,2007,Cerebrovascular diseases (I60-I69),Stroke,Florida,8781,36.5
7712,2006,Cerebrovascular diseases (I60-I69),Stroke,Florida,8925,37.8
7713,2005,Cerebrovascular diseases (I60-I69),Stroke,Florida,9361,40.3
7714,2004,Cerebrovascular diseases (I60-I69),Stroke,Florida,9715,42.8
7715,2003,Cerebrovascular diseases (I60-I69),Stroke,Florida,9899,44.4
7716,2002,Cerebrovascular diseases (I60-I69),Stroke,Florida,10269,46.9
7717,2001,Cerebrovascular diseases (I60-I69),Stroke,Florida,10414,48.2
7718,2000,Cerebrovascular diseases (I60-I69),Stroke,Florida,10532,49.6
7719,1999,Cerebrovascular diseases (I60-I69),Stroke,Florida,10560,50.5
7720,2016,Cerebrovascular diseases (I60-I69),Stroke,Georgia,4349,44.3
7721,2015,Cerebrovascular diseases (I60-I69),Stroke,Georgia,4335,45.3
7722,2014,Cerebrovascular diseases (I60-I69),Stroke,Georgia,3948,42.6
7723,2013,Cerebrovascular diseases (I60-I69),Stroke,Georgia,3694,41.4
7724,2012,Cerebrovascular diseases (I60-I69),Stroke,Georgia,3636,41.8
7725,2011,Cerebrovascular diseases (I60-I69),Stroke,Georgia,3564,42.7
7726,2010,Cerebrovascular diseases (I60-I69),Stroke,Georgia,3762,46.3
7727,2009,Cerebrovascular diseases (I60-I69),Stroke,Georgia,3732,46.9
7728,2008,Cerebrovascular diseases (I60-I69),Stroke,Georgia,3805,49.5
7729,2007,Cerebrovascular diseases (I60-I69),Stroke,Georgia,3894,52
7730,2006,Cerebrovascular diseases (I60-I69),Stroke,Georgia,3889,53.5
7731,2005,Cerebrovascular diseases (I60-I69),Stroke,Georgia,3854,55.6
7732,2004,Cerebrovascular diseases (I60-I69),Stroke,Georgia,4063,60.8
7733,2003,Cerebrovascular diseases (I60-I69),Stroke,Georgia,4301,65.6
7734,2002,Cerebrovascular diseases (I60-I69),Stroke,Georgia,4261,66.5
7735,2001,Cerebrovascular diseases (I60-I69),Stroke,Georgia,4312,68.3
7736,2000,Cerebrovascular diseases (I60-I69),Stroke,Georgia,4625,74.8
7737,1999,Cerebrovascular diseases (I60-I69),Stroke,Georgia,4416,72.3
7738,2016,Cerebrovascular diseases (I60-I69),Stroke,Hawaii,675,34.3
7739,2015,Cerebrovascular diseases (I60-I69),Stroke,Hawaii,735,38.2
7740,2014,Cerebrovascular diseases (I60-I69),Stroke,Hawaii,655,34.1
7741,2013,Cerebrovascular diseases (I60-I69),Stroke,Hawaii,634,34.9
7742,2012,Cerebrovascular diseases (I60-I69),Stroke,Hawaii,634,35.2
7743,2011,Cerebrovascular diseases (I60-I69),Stroke,Hawaii,621,35.6
7744,2010,Cerebrovascular diseases (I60-I69),Stroke,Hawaii,605,35.8
7745,2009,Cerebrovascular diseases (I60-I69),Stroke,Hawaii,671,41
7746,2008,Cerebrovascular diseases (I60-I69),Stroke,Hawaii,642,40.7
7747,2007,Cerebrovascular diseases (I60-I69),Stroke,Hawaii,643,41.9
7748,2006,Cerebrovascular diseases (I60-I69),Stroke,Hawaii,665,44.7
7749,2005,Cerebrovascular diseases (I60-I69),Stroke,Hawaii,688,47.6
7750,2004,Cerebrovascular diseases (I60-I69),Stroke,Hawaii,714,51
7751,2003,Cerebrovascular diseases (I60-I69),Stroke,Hawaii,752,55.7
7752,2002,Cerebrovascular diseases (I60-I69),Stroke,Hawaii,812,62.1
7753,2001,Cerebrovascular diseases (I60-I69),Stroke,Hawaii,766,60.6
7754,2000,Cerebrovascular diseases (I60-I69),Stroke,Hawaii,747,61.4
7755,1999,Cerebrovascular diseases (I60-I69),Stroke,Hawaii,762,64.2
7756,2016,Cerebrovascular diseases (I60-I69),Stroke,Idaho,682,37.2
7757,2015,Cerebrovascular diseases (I60-I69),Stroke,Idaho,641,36.3
7758,2014,Cerebrovascular diseases (I60-I69),Stroke,Idaho,640,36.8
7759,2013,Cerebrovascular diseases (I60-I69),Stroke,Idaho,598,35.4
7760,2012,Cerebrovascular diseases (I60-I69),Stroke,Idaho,610,37.2
7761,2011,Cerebrovascular diseases (I60-I69),Stroke,Idaho,623,38.8
7762,2010,Cerebrovascular diseases (I60-I69),Stroke,Idaho,642,42
7763,2009,Cerebrovascular diseases (I60-I69),Stroke,Idaho,627,41.6
7764,2008,Cerebrovascular diseases (I60-I69),Stroke,Idaho,609,41.6
7765,2007,Cerebrovascular diseases (I60-I69),Stroke,Idaho,640,44.6
7766,2006,Cerebrovascular diseases (I60-I69),Stroke,Idaho,725,52.7
7767,2005,Cerebrovascular diseases (I60-I69),Stroke,Idaho,718,53.9
7768,2004,Cerebrovascular diseases (I60-I69),Stroke,Idaho,712,55.3
7769,2003,Cerebrovascular diseases (I60-I69),Stroke,Idaho,762,60.5
7770,2002,Cerebrovascular diseases (I60-I69),Stroke,Idaho,736,60.2
7771,2001,Cerebrovascular diseases (I60-I69),Stroke,Idaho,781,65.4
7772,2000,Cerebrovascular diseases (I60-I69),Stroke,Idaho,720,61.8
7773,1999,Cerebrovascular diseases (I60-I69),Stroke,Idaho,771,67.5
7774,2016,Cerebrovascular diseases (I60-I69),Stroke,Illinois,5658,37.8
7775,2015,Cerebrovascular diseases (I60-I69),Stroke,Illinois,5709,38.4
7776,2014,Cerebrovascular diseases (I60-I69),Stroke,Illinois,5489,37.4
7777,2013,Cerebrovascular diseases (I60-I69),Stroke,Illinois,5294,36.7
7778,2012,Cerebrovascular diseases (I60-I69),Stroke,Illinois,5337,37.7
7779,2011,Cerebrovascular diseases (I60-I69),Stroke,Illinois,5372,38.6
7780,2010,Cerebrovascular diseases (I60-I69),Stroke,Illinois,5349,39.3
7781,2009,Cerebrovascular diseases (I60-I69),Stroke,Illinois,5258,39
7782,2008,Cerebrovascular diseases (I60-I69),Stroke,Illinois,5788,43.4
7783,2007,Cerebrovascular diseases (I60-I69),Stroke,Illinois,5864,44.7
7784,2006,Cerebrovascular diseases (I60-I69),Stroke,Illinois,5989,46.3
7785,2005,Cerebrovascular diseases (I60-I69),Stroke,Illinois,6252,49
7786,2004,Cerebrovascular diseases (I60-I69),Stroke,Illinois,6489,51.5
7787,2003,Cerebrovascular diseases (I60-I69),Stroke,Illinois,6909,55.4
7788,2002,Cerebrovascular diseases (I60-I69),Stroke,Illinois,7183,58.3
7789,2001,Cerebrovascular diseases (I60-I69),Stroke,Illinois,7230,59.1
7790,2000,Cerebrovascular diseases (I60-I69),Stroke,Illinois,7429,61.3
7791,1999,Cerebrovascular diseases (I60-I69),Stroke,Illinois,7714,64.4
7792,2016,Cerebrovascular diseases (I60-I69),Stroke,Indiana,3040,39.5
7793,2015,Cerebrovascular diseases (I60-I69),Stroke,Indiana,2959,39.1
7794,2014,Cerebrovascular diseases (I60-I69),Stroke,Indiana,3107,41.7
7795,2013,Cerebrovascular diseases (I60-I69),Stroke,Indiana,2996,40.7
7796,2012,Cerebrovascular diseases (I60-I69),Stroke,Indiana,3073,42.7
7797,2011,Cerebrovascular diseases (I60-I69),Stroke,Indiana,3127,44.2
7798,2010,Cerebrovascular diseases (I60-I69),Stroke,Indiana,3082,44.5
7799,2009,Cerebrovascular diseases (I60-I69),Stroke,Indiana,3004,44
7800,2008,Cerebrovascular diseases (I60-I69),Stroke,Indiana,3114,46.2
7801,2007,Cerebrovascular diseases (I60-I69),Stroke,Indiana,3083,46.6
7802,2006,Cerebrovascular diseases (I60-I69),Stroke,Indiana,3238,49.9
7803,2005,Cerebrovascular diseases (I60-I69),Stroke,Indiana,3296,51.9
7804,2004,Cerebrovascular diseases (I60-I69),Stroke,Indiana,3454,55.3
7805,2003,Cerebrovascular diseases (I60-I69),Stroke,Indiana,3627,58.7
7806,2002,Cerebrovascular diseases (I60-I69),Stroke,Indiana,3717,61
7807,2001,Cerebrovascular diseases (I60-I69),Stroke,Indiana,3877,64.3
7808,2000,Cerebrovascular diseases (I60-I69),Stroke,Indiana,4247,71.5
7809,1999,Cerebrovascular diseases (I60-I69),Stroke,Indiana,4057,69
7810,2016,Cerebrovascular diseases (I60-I69),Stroke,Iowa,1388,32.3
7811,2015,Cerebrovascular diseases (I60-I69),Stroke,Iowa,1418,33.2
7812,2014,Cerebrovascular diseases (I60-I69),Stroke,Iowa,1433,34
7813,2013,Cerebrovascular diseases (I60-I69),Stroke,Iowa,1409,33.9
7814,2012,Cerebrovascular diseases (I60-I69),Stroke,Iowa,1422,34.1
7815,2011,Cerebrovascular diseases (I60-I69),Stroke,Iowa,1432,34.9
7816,2010,Cerebrovascular diseases (I60-I69),Stroke,Iowa,1537,38
7817,2009,Cerebrovascular diseases (I60-I69),Stroke,Iowa,1635,41.2
7818,2008,Cerebrovascular diseases (I60-I69),Stroke,Iowa,1732,43.6
7819,2007,Cerebrovascular diseases (I60-I69),Stroke,Iowa,1686,42.8
7820,2006,Cerebrovascular diseases (I60-I69),Stroke,Iowa,1718,43.6
7821,2005,Cerebrovascular diseases (I60-I69),Stroke,Iowa,1902,49.2
7822,2004,Cerebrovascular diseases (I60-I69),Stroke,Iowa,1960,50.5
7823,2003,Cerebrovascular diseases (I60-I69),Stroke,Iowa,2081,54.5
7824,2002,Cerebrovascular diseases (I60-I69),Stroke,Iowa,2226,58.5
7825,2001,Cerebrovascular diseases (I60-I69),Stroke,Iowa,2218,59.1
7826,2000,Cerebrovascular diseases (I60-I69),Stroke,Iowa,2187,58.3
7827,1999,Cerebrovascular diseases (I60-I69),Stroke,Iowa,2317,62.1
7828,2016,Cerebrovascular diseases (I60-I69),Stroke,Kansas,1363,38.6
7829,2015,Cerebrovascular diseases (I60-I69),Stroke,Kansas,1364,38.6
7830,2014,Cerebrovascular diseases (I60-I69),Stroke,Kansas,1363,39
7831,2013,Cerebrovascular diseases (I60-I69),Stroke,Kansas,1320,38.1
7832,2012,Cerebrovascular diseases (I60-I69),Stroke,Kansas,1343,39.4
7833,2011,Cerebrovascular diseases (I60-I69),Stroke,Kansas,1338,39.7
7834,2010,Cerebrovascular diseases (I60-I69),Stroke,Kansas,1370,41.2
7835,2009,Cerebrovascular diseases (I60-I69),Stroke,Kansas,1416,43.2
7836,2008,Cerebrovascular diseases (I60-I69),Stroke,Kansas,1574,48.6
7837,2007,Cerebrovascular diseases (I60-I69),Stroke,Kansas,1498,46.7
7838,2006,Cerebrovascular diseases (I60-I69),Stroke,Kansas,1489,47.3
7839,2005,Cerebrovascular diseases (I60-I69),Stroke,Kansas,1571,50.3
7840,2004,Cerebrovascular diseases (I60-I69),Stroke,Kansas,1611,52.2
7841,2003,Cerebrovascular diseases (I60-I69),Stroke,Kansas,1758,57.5
7842,2002,Cerebrovascular diseases (I60-I69),Stroke,Kansas,1845,60.4
7843,2001,Cerebrovascular diseases (I60-I69),Stroke,Kansas,1848,60.9
7844,2000,Cerebrovascular diseases (I60-I69),Stroke,Kansas,1830,60.6
7845,1999,Cerebrovascular diseases (I60-I69),Stroke,Kansas,1841,61.6
7846,2016,Cerebrovascular diseases (I60-I69),Stroke,Kentucky,2057,40.4
7847,2015,Cerebrovascular diseases (I60-I69),Stroke,Kentucky,2050,40.8
7848,2014,Cerebrovascular diseases (I60-I69),Stroke,Kentucky,2050,41.8
7849,2013,Cerebrovascular diseases (I60-I69),Stroke,Kentucky,1990,41.7
7850,2012,Cerebrovascular diseases (I60-I69),Stroke,Kentucky,2073,44.3
7851,2011,Cerebrovascular diseases (I60-I69),Stroke,Kentucky,2064,44.8
7852,2010,Cerebrovascular diseases (I60-I69),Stroke,Kentucky,1992,44.1
7853,2009,Cerebrovascular diseases (I60-I69),Stroke,Kentucky,2064,46.4
7854,2008,Cerebrovascular diseases (I60-I69),Stroke,Kentucky,2098,47.9
7855,2007,Cerebrovascular diseases (I60-I69),Stroke,Kentucky,2144,49.8
7856,2006,Cerebrovascular diseases (I60-I69),Stroke,Kentucky,2197,51.9
7857,2005,Cerebrovascular diseases (I60-I69),Stroke,Kentucky,2168,52.5
7858,2004,Cerebrovascular diseases (I60-I69),Stroke,Kentucky,2339,58
7859,2003,Cerebrovascular diseases (I60-I69),Stroke,Kentucky,2442,61.3
7860,2002,Cerebrovascular diseases (I60-I69),Stroke,Kentucky,2554,64.9
7861,2001,Cerebrovascular diseases (I60-I69),Stroke,Kentucky,2557,65.2
7862,2000,Cerebrovascular diseases (I60-I69),Stroke,Kentucky,2637,67.7
7863,1999,Cerebrovascular diseases (I60-I69),Stroke,Kentucky,2710,70.4
7864,2016,Cerebrovascular diseases (I60-I69),Stroke,Louisiana,2322,46
7865,2015,Cerebrovascular diseases (I60-I69),Stroke,Louisiana,2280,46
7866,2014,Cerebrovascular diseases (I60-I69),Stroke,Louisiana,2230,45.6
7867,2013,Cerebrovascular diseases (I60-I69),Stroke,Louisiana,2098,44
7868,2012,Cerebrovascular diseases (I60-I69),Stroke,Louisiana,2039,43.9
7869,2011,Cerebrovascular diseases (I60-I69),Stroke,Louisiana,2071,45.7
7870,2010,Cerebrovascular diseases (I60-I69),Stroke,Louisiana,1977,44.9
7871,2009,Cerebrovascular diseases (I60-I69),Stroke,Louisiana,2061,47.4
7872,2008,Cerebrovascular diseases (I60-I69),Stroke,Louisiana,2084,48.6
7873,2007,Cerebrovascular diseases (I60-I69),Stroke,Louisiana,2147,51.3
7874,2006,Cerebrovascular diseases (I60-I69),Stroke,Louisiana,2195,53.9
7875,2005,Cerebrovascular diseases (I60-I69),Stroke,Louisiana,2469,58
7876,2004,Cerebrovascular diseases (I60-I69),Stroke,Louisiana,2489,59.8
7877,2003,Cerebrovascular diseases (I60-I69),Stroke,Louisiana,2526,61.4
7878,2002,Cerebrovascular diseases (I60-I69),Stroke,Louisiana,2595,63.8
7879,2001,Cerebrovascular diseases (I60-I69),Stroke,Louisiana,2638,65.4
7880,2000,Cerebrovascular diseases (I60-I69),Stroke,Louisiana,2533,63.5
7881,1999,Cerebrovascular diseases (I60-I69),Stroke,Louisiana,2684,68.3
7882,2016,Cerebrovascular diseases (I60-I69),Stroke,Maine,663,34.4
7883,2015,Cerebrovascular diseases (I60-I69),Stroke,Maine,616,32.6
7884,2014,Cerebrovascular diseases (I60-I69),Stroke,Maine,628,33.2
7885,2013,Cerebrovascular diseases (I60-I69),Stroke,Maine,620,33.4
7886,2012,Cerebrovascular diseases (I60-I69),Stroke,Maine,619,34.3
7887,2011,Cerebrovascular diseases (I60-I69),Stroke,Maine,630,35.8
7888,2010,Cerebrovascular diseases (I60-I69),Stroke,Maine,602,34.5
7889,2009,Cerebrovascular diseases (I60-I69),Stroke,Maine,647,38
7890,2008,Cerebrovascular diseases (I60-I69),Stroke,Maine,671,40.4
7891,2007,Cerebrovascular diseases (I60-I69),Stroke,Maine,664,40.4
7892,2006,Cerebrovascular diseases (I60-I69),Stroke,Maine,670,41.5
7893,2005,Cerebrovascular diseases (I60-I69),Stroke,Maine,693,43.8
7894,2004,Cerebrovascular diseases (I60-I69),Stroke,Maine,801,51.5
7895,2003,Cerebrovascular diseases (I60-I69),Stroke,Maine,802,52.2
7896,2002,Cerebrovascular diseases (I60-I69),Stroke,Maine,823,54.5
7897,2001,Cerebrovascular diseases (I60-I69),Stroke,Maine,822,55.2
7898,2000,Cerebrovascular diseases (I60-I69),Stroke,Maine,833,57
7899,1999,Cerebrovascular diseases (I60-I69),Stroke,Maine,879,61.2
7900,2016,Cerebrovascular diseases (I60-I69),Stroke,Maryland,2709,39.7
7901,2015,Cerebrovascular diseases (I60-I69),Stroke,Maryland,2540,37.8
7902,2014,Cerebrovascular diseases (I60-I69),Stroke,Maryland,2469,38
7903,2013,Cerebrovascular diseases (I60-I69),Stroke,Maryland,2315,36.1
7904,2012,Cerebrovascular diseases (I60-I69),Stroke,Maryland,2280,36.5
7905,2011,Cerebrovascular diseases (I60-I69),Stroke,Maryland,2306,37.8
7906,2010,Cerebrovascular diseases (I60-I69),Stroke,Maryland,2279,38.8
7907,2009,Cerebrovascular diseases (I60-I69),Stroke,Maryland,2288,39.4
7908,2008,Cerebrovascular diseases (I60-I69),Stroke,Maryland,2330,41.4
7909,2007,Cerebrovascular diseases (I60-I69),Stroke,Maryland,2364,42.9
7910,2006,Cerebrovascular diseases (I60-I69),Stroke,Maryland,2365,43.8
7911,2005,Cerebrovascular diseases (I60-I69),Stroke,Maryland,2476,47.1
7912,2004,Cerebrovascular diseases (I60-I69),Stroke,Maryland,2718,53.2
7913,2003,Cerebrovascular diseases (I60-I69),Stroke,Maryland,2734,54.7
7914,2002,Cerebrovascular diseases (I60-I69),Stroke,Maryland,2811,57.5
7915,2001,Cerebrovascular diseases (I60-I69),Stroke,Maryland,2882,60.2
7916,2000,Cerebrovascular diseases (I60-I69),Stroke,Maryland,2955,63.4
7917,1999,Cerebrovascular diseases (I60-I69),Stroke,Maryland,2892,63.3
7918,2016,Cerebrovascular diseases (I60-I69),Stroke,Massachusetts,2468,27.9
7919,2015,Cerebrovascular diseases (I60-I69),Stroke,Massachusetts,2475,28.4
7920,2014,Cerebrovascular diseases (I60-I69),Stroke,Massachusetts,2460,28.7
7921,2013,Cerebrovascular diseases (I60-I69),Stroke,Massachusetts,2354,27.7
7922,2012,Cerebrovascular diseases (I60-I69),Stroke,Massachusetts,2371,28.3
7923,2011,Cerebrovascular diseases (I60-I69),Stroke,Massachusetts,2466,30.2
7924,2010,Cerebrovascular diseases (I60-I69),Stroke,Massachusetts,2516,31.3
7925,2009,Cerebrovascular diseases (I60-I69),Stroke,Massachusetts,2579,32.5
7926,2008,Cerebrovascular diseases (I60-I69),Stroke,Massachusetts,2747,35.1
7927,2007,Cerebrovascular diseases (I60-I69),Stroke,Massachusetts,2832,36.7
7928,2006,Cerebrovascular diseases (I60-I69),Stroke,Massachusetts,2880,38.1
7929,2005,Cerebrovascular diseases (I60-I69),Stroke,Massachusetts,2977,39.8
7930,2004,Cerebrovascular diseases (I60-I69),Stroke,Massachusetts,3254,44.1
7931,2003,Cerebrovascular diseases (I60-I69),Stroke,Massachusetts,3407,46.5
7932,2002,Cerebrovascular diseases (I60-I69),Stroke,Massachusetts,3559,49.2
7933,2001,Cerebrovascular diseases (I60-I69),Stroke,Massachusetts,3535,49.3
7934,2000,Cerebrovascular diseases (I60-I69),Stroke,Massachusetts,3669,51.5
7935,1999,Cerebrovascular diseases (I60-I69),Stroke,Massachusetts,3548,50.4
7936,2016,Cerebrovascular diseases (I60-I69),Stroke,Michigan,4874,39
7937,2015,Cerebrovascular diseases (I60-I69),Stroke,Michigan,4666,37.6
7938,2014,Cerebrovascular diseases (I60-I69),Stroke,Michigan,4596,37.9
7939,2013,Cerebrovascular diseases (I60-I69),Stroke,Michigan,4373,36.3
7940,2012,Cerebrovascular diseases (I60-I69),Stroke,Michigan,4414,37.3
7941,2011,Cerebrovascular diseases (I60-I69),Stroke,Michigan,4442,38.6
7942,2010,Cerebrovascular diseases (I60-I69),Stroke,Michigan,4474,39.5
7943,2009,Cerebrovascular diseases (I60-I69),Stroke,Michigan,4435,39.8
7944,2008,Cerebrovascular diseases (I60-I69),Stroke,Michigan,4769,43.4
7945,2007,Cerebrovascular diseases (I60-I69),Stroke,Michigan,4798,44.5
7946,2006,Cerebrovascular diseases (I60-I69),Stroke,Michigan,4752,44.9
7947,2005,Cerebrovascular diseases (I60-I69),Stroke,Michigan,5057,48.9
7948,2004,Cerebrovascular diseases (I60-I69),Stroke,Michigan,5290,52
7949,2003,Cerebrovascular diseases (I60-I69),Stroke,Michigan,5470,54.5
7950,2002,Cerebrovascular diseases (I60-I69),Stroke,Michigan,5814,59
7951,2001,Cerebrovascular diseases (I60-I69),Stroke,Michigan,5701,58.8
7952,2000,Cerebrovascular diseases (I60-I69),Stroke,Michigan,5864,61.6
7953,1999,Cerebrovascular diseases (I60-I69),Stroke,Michigan,6041,64.3
7954,2016,Cerebrovascular diseases (I60-I69),Stroke,Minnesota,2197,32.5
7955,2015,Cerebrovascular diseases (I60-I69),Stroke,Minnesota,2238,33.5
7956,2014,Cerebrovascular diseases (I60-I69),Stroke,Minnesota,2202,34
7957,2013,Cerebrovascular diseases (I60-I69),Stroke,Minnesota,2073,32
7958,2012,Cerebrovascular diseases (I60-I69),Stroke,Minnesota,2081,33
7959,2011,Cerebrovascular diseases (I60-I69),Stroke,Minnesota,2154,35
7960,2010,Cerebrovascular diseases (I60-I69),Stroke,Minnesota,2167,36.1
7961,2009,Cerebrovascular diseases (I60-I69),Stroke,Minnesota,2033,34.4
7962,2008,Cerebrovascular diseases (I60-I69),Stroke,Minnesota,2199,37.7
7963,2007,Cerebrovascular diseases (I60-I69),Stroke,Minnesota,2193,38.4
7964,2006,Cerebrovascular diseases (I60-I69),Stroke,Minnesota,2219,39.7
7965,2005,Cerebrovascular diseases (I60-I69),Stroke,Minnesota,2379,43.5
7966,2004,Cerebrovascular diseases (I60-I69),Stroke,Minnesota,2542,47.1
7967,2003,Cerebrovascular diseases (I60-I69),Stroke,Minnesota,2550,47.9
7968,2002,Cerebrovascular diseases (I60-I69),Stroke,Minnesota,2706,51.7
7969,2001,Cerebrovascular diseases (I60-I69),Stroke,Minnesota,2727,52.8
7970,2000,Cerebrovascular diseases (I60-I69),Stroke,Minnesota,2820,55.9
7971,1999,Cerebrovascular diseases (I60-I69),Stroke,Minnesota,2997,59.6
7972,2016,Cerebrovascular diseases (I60-I69),Stroke,Mississippi,1705,50.6
7973,2015,Cerebrovascular diseases (I60-I69),Stroke,Mississippi,1734,52.6
7974,2014,Cerebrovascular diseases (I60-I69),Stroke,Mississippi,1584,48.8
7975,2013,Cerebrovascular diseases (I60-I69),Stroke,Mississippi,1500,47.2
7976,2012,Cerebrovascular diseases (I60-I69),Stroke,Mississippi,1502,48.3
7977,2011,Cerebrovascular diseases (I60-I69),Stroke,Mississippi,1526,50.6
7978,2010,Cerebrovascular diseases (I60-I69),Stroke,Mississippi,1520,51.2
7979,2009,Cerebrovascular diseases (I60-I69),Stroke,Mississippi,1436,48.8
7980,2008,Cerebrovascular diseases (I60-I69),Stroke,Mississippi,1592,54.7
7981,2007,Cerebrovascular diseases (I60-I69),Stroke,Mississippi,1589,55.7
7982,2006,Cerebrovascular diseases (I60-I69),Stroke,Mississippi,1585,56.1
7983,2005,Cerebrovascular diseases (I60-I69),Stroke,Mississippi,1622,58
7984,2004,Cerebrovascular diseases (I60-I69),Stroke,Mississippi,1651,59.9
7985,2003,Cerebrovascular diseases (I60-I69),Stroke,Mississippi,1736,63.6
7986,2002,Cerebrovascular diseases (I60-I69),Stroke,Mississippi,1926,70.9
7987,2001,Cerebrovascular diseases (I60-I69),Stroke,Mississippi,1935,71.5
7988,2000,Cerebrovascular diseases (I60-I69),Stroke,Mississippi,1999,74.1
7989,1999,Cerebrovascular diseases (I60-I69),Stroke,Mississippi,1854,69.2
7990,2016,Cerebrovascular diseases (I60-I69),Stroke,Missouri,3069,40.4
7991,2015,Cerebrovascular diseases (I60-I69),Stroke,Missouri,3037,40.8
7992,2014,Cerebrovascular diseases (I60-I69),Stroke,Missouri,3030,41
7993,2013,Cerebrovascular diseases (I60-I69),Stroke,Missouri,2935,40.6
7994,2012,Cerebrovascular diseases (I60-I69),Stroke,Missouri,2989,42.2
7995,2011,Cerebrovascular diseases (I60-I69),Stroke,Missouri,3033,43.4
7996,2010,Cerebrovascular diseases (I60-I69),Stroke,Missouri,3001,44
7997,2009,Cerebrovascular diseases (I60-I69),Stroke,Missouri,3017,44.9
7998,2008,Cerebrovascular diseases (I60-I69),Stroke,Missouri,3261,49.2
7999,2007,Cerebrovascular diseases (I60-I69),Stroke,Missouri,3229,49.4
